metadata_file,session_id,capture_id,timestamp,weight_kg,weight_source,focus_laplacian_var,focus_min_laplacian,roi_count,detection_count,selected_detection_index,selected_confidence,selected_depth_mm,selected_height_mm,selected_width_mm,selected_length_mm,selected_area_mm2,floor_depth_mm,has_top_level_final_weight,root_cause_flags,dominant_root_cause
20260210_073143.json,20260210_073143,20260210_073143,2026-02-10T07:31:43.334665,0.2,,610.1699647661317,70.0,1.0,1,0,0.9232415556907654,1294.8250685007629,74.03371786287357,96.8975754348734,309.4075800745037,32326.371517487096,1368.8587863636365,False,finalize_path_payload_gap,finalize_path_fallback_risk
20260210_091058.json,20260210_091058,20260210_091058,2026-02-10T09:10:58.037566,0.2,,737.5025625618894,70.0,1.0,1,0,0.9468986988067627,1563.7704782664387,-194.9116919028022,200.5217482546309,376.62571904652077,47681.08237331089,1368.8587863636365,False,depth_negative_height;finalize_path_payload_gap,finalize_path_fallback_risk
20260210_174541.json,20260210_174541,20260210_174541,2026-02-10T17:45:41.144166,0.2,,689.3056941274049,70.0,1.0,1,0,0.9626091122627258,1362.5642378673635,6.29454849627291,188.26041820251015,271.4302604906054,33080.49266698812,1368.8587863636365,False,finalize_path_payload_gap,finalize_path_fallback_risk
20260211_015449.json,20260211_015449,20260211_015449,2026-02-11T01:54:49.893956,0.0,,697.5327570308791,70.0,1.0,1,0,0.9555739164352417,1086.747738631737,282.11104773189936,131.64000555388762,213.91500902506738,21598.437080377822,1368.8587863636365,False,finalize_path_payload_gap,finalize_path_fallback_risk
20260211_020327.json,20260211_020327,20260211_020327,2026-02-11T02:03:27.945331,0.2,,697.4949152772477,70.0,1.0,1,0,0.9391680955886841,2407.6790936457037,-1038.8203072820672,292.78640454893264,563.9271216020297,121719.46204271464,1368.8587863636365,False,depth_outlier;depth_negative_height;finalize_path_payload_gap,finalize_path_fallback_risk
20260211_021256.json,20260211_021256,20260211_021256,2026-02-11T02:12:56.072426,0.2,,624.9904880503676,70.0,1.0,1,0,0.9493665099143982,4002.797745510666,-2633.93895914703,501.9132975581048,778.4391143259662,305324.43604004954,1368.8587863636365,False,depth_outlier;depth_negative_height;finalize_path_payload_gap,finalize_path_fallback_risk
20260211_021646.json,20260211_021646,20260211_021646,2026-02-11T02:16:46.425423,0.55,,362.19566375719427,70.0,2.0,2,1,0.8252008557319641,296514.94068667473,-295146.0819003111,38723.52148951337,42511.69207000924,1160130209.3352597,1368.8587863636365,False,segmentation_multi_detection;depth_outlier;depth_negative_height;finalize_path_payload_gap,finalize_path_fallback_risk
20260211_022802.json,20260211_022802,20260211_022802,2026-02-11T02:28:02.016458,0.55,,522.8796217631019,70.0,2.0,2,0,0.9390172362327576,1301.8217591782409,67.03702718539557,204.5072512998562,235.30654179633908,32328.615360585136,1368.8587863636365,False,segmentation_multi_detection;finalize_path_payload_gap,finalize_path_fallback_risk
20260211_024446.json,20260211_024446,20260211_024446,2026-02-11T02:44:46.709556,0.2,,720.9767409459541,70.0,1.0,1,0,0.9454894065856934,1368.368558369461,0.4902279941754841,203.95427927175746,238.91787000405873,34279.91239668,1368.8587863636365,False,finalize_path_payload_gap,finalize_path_fallback_risk
20260211_025129.json,20260211_025129,20260211_025129,2026-02-11T02:51:29.787759,0.35,,689.6411376545738,70.0,1.0,1,0,0.9458451271057129,1368.8544847041092,0.004301659527300217,202.73129855899762,239.6504168269301,34344.964748068924,1368.8587863636365,False,finalize_path_payload_gap,finalize_path_fallback_risk
20260211_031416.json,20260211_031416,20260211_031416,2026-02-11T03:14:16.783848,0.2,,584.7638195206849,70.0,1.0,1,0,0.8493118286132812,57965.32675077851,-56596.46796441488,8612.259710155473,8859.107918408336,62873623.74566156,1368.8587863636365,False,depth_outlier;depth_negative_height;finalize_path_payload_gap,finalize_path_fallback_risk
20260211_033315.json,20260211_033315,20260211_033315,2026-02-11T03:33:15.450104,0.35,,682.0340704458694,70.0,1.0,1,0,0.9599579572677612,1267.1578661823705,101.70092018126593,146.29843400367227,294.3956194700681,30189.156392263973,1368.8587863636365,False,finalize_path_payload_gap,finalize_path_fallback_risk
20260211_034518.json,20260211_034518,20260211_034518,2026-02-11T03:45:18.957369,0.2,,454.5995621992911,70.0,0.0,0,,,,,,,,1368.8587863636365,False,finalize_path_payload_gap,finalize_path_fallback_risk
20260211_034623.json,20260211_034623,20260211_034623,2026-02-11T03:46:23.115087,0.2,,380.8748678226663,70.0,0.0,0,,,,,,,,1368.8587863636365,False,finalize_path_payload_gap,finalize_path_fallback_risk
20260211_034816.json,20260211_034816,20260211_034816,2026-02-11T03:48:16.866654,0.2,,712.0668042706104,70.0,1.0,1,0,0.9485388398170471,1220.6124854106306,148.24630095300586,151.3206787836763,293.9779599270658,28868.22884722445,1368.8587863636365,False,finalize_path_payload_gap,finalize_path_fallback_risk
20260211_035529.json,20260211_035529,20260211_035529,2026-02-11T03:55:29.916775,0.2,,704.7469848600261,70.0,1.0,1,0,0.9480456113815308,1368.8544847041092,0.004301659527300217,170.34610709589896,330.3289529236063,36372.6595762136,1368.8587863636365,False,finalize_path_payload_gap,finalize_path_fallback_risk
20260211_041032.json,20260211_041032,20260211_041032,2026-02-11T04:10:32.448032,0.2,,785.3787559623588,70.0,1.0,1,0,0.9426444172859192,1337.0427432975273,31.81604306610916,166.38727931250634,311.26444967434924,34680.54437816107,1368.8587863636365,False,finalize_path_payload_gap,finalize_path_fallback_risk
20260211_042132.json,20260211_042132,20260211_042132,2026-02-11T04:21:32.359779,0.55,,761.1216651672213,70.0,2.0,2,0,0.9401949048042297,1332.4210953773838,36.43769098625262,165.1817157272208,235.16328231394408,34255.396166099126,1368.8587863636365,False,segmentation_multi_detection;finalize_path_payload_gap,finalize_path_fallback_risk
20260211_042545.json,20260211_042545,20260211_042545,2026-02-11T04:25:45.171067,0.2,,742.9961343370747,70.0,2.0,2,0,0.9425488114356995,1337.5066720772975,31.352114286338974,165.8121416636898,311.3724526062279,34573.90998923581,1368.8587863636365,False,segmentation_multi_detection;finalize_path_payload_gap,finalize_path_fallback_risk
20260211_042808.json,20260211_042808,20260211_042808,2026-02-11T04:28:08.434361,0.2,,749.7267819294602,70.0,2.0,2,0,0.9425933957099915,1337.5066720772975,31.352114286338974,165.8121416636898,310.10671077194496,34577.44269687992,1368.8587863636365,False,segmentation_multi_detection;finalize_path_payload_gap,finalize_path_fallback_risk
20260211_044555.json,20260211_044555,20260211_044555,2026-02-11T04:45:55.067310,0.2,,743.2377309509423,70.0,1.0,1,0,0.9616803526878357,1267.99152267328,100.86726369035637,145.19472640551564,298.18917050235444,31251.22480289202,1368.8587863636365,False,finalize_path_payload_gap,finalize_path_fallback_risk
20260211_045259.json,20260211_045259,20260211_045259,2026-02-11T04:52:59.656706,0.2,,750.9631710287222,70.0,1.0,1,0,0.961887776851654,1265.909434787117,102.94935157651935,161.1291067839626,297.699533112367,31066.3990954186,1368.8587863636365,False,finalize_path_payload_gap,finalize_path_fallback_risk
20260211_061627.json,20260211_061627,20260211_061627,2026-02-11T06:16:27.132458,0.35,,776.8621700405292,70.0,1.0,1,0,0.95035320520401,1300.9430404747793,67.91574588885715,156.3547862751387,156.97035629984396,14651.903101415644,1368.8587863636365,False,finalize_path_payload_gap,finalize_path_fallback_risk
20260211_132751.json,20260211_132751,20260211_132751,2026-02-11T13:27:51.031172,,,706.8311863308882,70.0,,1,0,0.9504219889640808,1302.261563826612,66.59722253702444,156.5132539639311,156.5132539639311,14785.433532515357,1368.8587863636365,False,sensor_missing_weight,sensor_or_timing_gap
20260211_141727.json,20260211_141727,20260211_141727,2026-02-11T14:17:27.939629,,,686.9685453727427,80.0,,2,0,0.9525900483131409,1223.3240967714285,145.534689592208,52.59678866832826,111.90565011569747,33175.309314846876,1368.8587863636365,False,sensor_missing_weight;segmentation_multi_detection,sensor_or_timing_gap
20260211_145807.json,20260211_145807,20260211_145807,2026-02-11T14:58:07.523981,,,785.4111724116613,70.0,,2,1,0.930112898349762,1306.2332188840296,62.62556747960684,93.37028420874601,262.11848705460517,37433.674096971656,1368.8587863636365,False,sensor_missing_weight;segmentation_multi_detection,sensor_or_timing_gap
20260211_150354.json,20260211_150354,20260211_150354,2026-02-11T15:03:54.494598,,,730.6990580512468,70.0,,2,1,0.9079121351242065,1230.7452838208083,138.1135025428282,50.49095116941507,112.98813674417826,30294.72747122176,1368.8587863636365,False,sensor_missing_weight;segmentation_multi_detection,sensor_or_timing_gap
20260211_150732.json,20260211_150732,20260211_150732,2026-02-11T15:07:32.981214,,,747.1598363924678,70.0,,2,1,0.9104406237602234,1372.265656435305,-3.406870071668436,56.29678143916269,126.08521894227268,36055.87534669571,1368.8587863636365,False,sensor_missing_weight;segmentation_multi_detection;depth_negative_height,sensor_or_timing_gap
20260211_155244.json,20260211_155244,20260211_155244,2026-02-11T15:52:44.108282,,,765.564440981466,70.0,,2,0,0.9658418893814087,1315.1464445331872,53.712341830449304,65.50259842489304,118.17635771411184,36948.949985977284,1368.8587863636365,False,sensor_missing_weight;segmentation_multi_detection,sensor_or_timing_gap
20260514_215734.json,20260514_215734,20260514_215734,2026-05-14T21:57:34.571947,26.65,instant,441.29729522247686,70.0,1.0,1,0,0.45510584115982056,955.3145545033249,59.61602538082468,163.82744980537845,239.21084394185974,24259.1233149667,1014.9305798841496,False,sensor_unit_mismatch_candidate;finalize_path_payload_gap,sensor_unit_mismatch
20260514_221658.json,20260514_221658,20260514_221658,2026-05-14T22:16:58.073580,25.55,instant,605.7197776285311,70.0,1.0,1,0,0.2549537122249603,947.5649526600088,67.36562722414078,170.82567535112727,213.42000385075218,28518.65955803255,1014.9305798841496,False,sensor_unit_mismatch_candidate;segmentation_low_confidence;finalize_path_payload_gap,sensor_unit_mismatch
20260514_222817.json,20260514_222817,20260514_222817,2026-05-14T22:28:17.167953,28.9,instant,179.05800437569565,70.0,1.0,1,0,0.4486779272556305,1573.344582620782,-558.4140027366324,295.55175144825023,349.8975394979285,85567.53023813352,1014.9305798841496,False,sensor_unit_mismatch_candidate;depth_negative_height;finalize_path_payload_gap,sensor_unit_mismatch
20260514_225646.json,20260514_225646,20260514_225646,2026-05-14T22:56:46.415997,28.0,instant,448.93449778476236,70.0,1.0,1,0,0.26215386390686035,978.1005398175377,36.8300400666119,306.8429917255368,385.98349185384274,10960.210040266737,1014.9305798841496,False,sensor_unit_mismatch_candidate;segmentation_low_confidence;finalize_path_payload_gap,sensor_unit_mismatch
20260514_234947.json,20260514_234947,20260514_234947,2026-05-14T23:49:47.378053,24.4,instant,697.1963888385711,70.0,1.0,1,0,0.44168588519096375,990.1603461137723,24.770233770377217,186.9165737486594,196.7454647959239,26669.17875316233,1014.9305798841496,False,sensor_unit_mismatch_candidate;finalize_path_payload_gap,sensor_unit_mismatch
20260515_000710.json,20260515_000710,20260515_000710,2026-05-15T00:07:10.226071,24.35,instant,717.1046243424078,70.0,1.0,1,0,0.3528076708316803,954.6048111493105,60.325768734839016,233.52497992741885,240.30036619223756,30349.859501545467,1014.9305798841496,False,sensor_unit_mismatch_candidate;finalize_path_payload_gap,sensor_unit_mismatch
20260515_002010.json,20260515_002010,20260515_002010,2026-05-15T00:20:10.742780,26.4,instant,505.43102077678816,70.0,1.0,1,0,0.27042853832244873,969.7343968354505,45.19618304869903,162.61172259222025,228.92185712922168,25493.16998340871,1014.9305798841496,False,sensor_unit_mismatch_candidate;segmentation_low_confidence;finalize_path_payload_gap,sensor_unit_mismatch
20260515_003312.json,20260515_003312,20260515_003312,2026-05-15T00:33:12.628607,23.95,instant,631.736272237114,70.0,1.0,1,0,0.3504946827888489,971.200359642458,43.73022024169154,188.88547787544886,216.76795656613336,27572.618533105593,1014.9305798841496,False,sensor_unit_mismatch_candidate;finalize_path_payload_gap,sensor_unit_mismatch
20260515_003509.json,20260515_003509,20260515_003509,2026-05-15T00:35:09.568907,26.45,instant,570.3326448548607,70.0,1.0,1,0,0.3630910813808441,947.7979413378205,67.13263854632908,140.82008126422653,234.10217331186706,18651.29952404552,1014.9305798841496,False,sensor_unit_mismatch_candidate;finalize_path_payload_gap,sensor_unit_mismatch
20260515_003549.json,20260515_003549,20260515_003549,2026-05-15T00:35:49.362619,26.3,instant,333.0245051208383,70.0,1.0,1,0,0.21980459988117218,944.7779969168911,70.15258296725847,176.5818166076321,220.3919955987943,22418.727373680198,1014.9305798841496,False,sensor_unit_mismatch_candidate;segmentation_low_confidence;finalize_path_payload_gap,sensor_unit_mismatch
20260515_003842.json,20260515_003842,20260515_003842,2026-05-15T00:38:42.975324,26.3,instant,390.4623702699377,70.0,1.0,1,0,0.2483372837305069,1210.6451719286797,-195.71459204453015,282.9847322078096,292.723073194718,8361.754873610394,1014.9305798841496,False,sensor_unit_mismatch_candidate;segmentation_low_confidence;depth_negative_height;finalize_path_payload_gap,sensor_unit_mismatch
20260515_005331.json,20260515_005331,20260515_005331,2026-05-15T00:53:31.295083,25.85,instant,607.2472727716921,70.0,1.0,1,0,0.2846565544605255,951.3065714266821,63.624008457467426,168.3492866364663,220.56457340071788,22763.13650299825,1014.9305798841496,False,sensor_unit_mismatch_candidate;segmentation_low_confidence;finalize_path_payload_gap,sensor_unit_mismatch
20260515_005922.json,20260515_005922,20260515_005922,2026-05-15T00:59:22.396357,26.3,instant,555.7500221599985,70.0,1.0,1,0,0.42640554904937744,1015.4621252426017,-0.5315453584521492,197.27912784715087,216.77115290877808,33127.498012072836,1014.9305798841496,False,sensor_unit_mismatch_candidate;depth_negative_height;finalize_path_payload_gap,sensor_unit_mismatch
20260515_010104.json,20260515_010104,20260515_010104,2026-05-15T01:01:04.576574,25.75,instant,448.0086582971035,70.0,1.0,1,0,0.3801698088645935,979.3430455845822,35.587534299567324,205.28525260231615,218.72379058305467,29173.299190743724,1014.9305798841496,False,sensor_unit_mismatch_candidate;finalize_path_payload_gap,sensor_unit_mismatch
20260515_011025.json,20260515_011025,20260515_011025,2026-05-15T01:10:25.672963,25.45,instant,551.5660163190219,70.0,1.0,1,0,0.3183923363685608,977.8524169002831,37.07816298386649,161.94238809518535,219.31626273462243,23408.084927191903,1014.9305798841496,False,sensor_unit_mismatch_candidate;segmentation_low_confidence;finalize_path_payload_gap,sensor_unit_mismatch
20260515_021348.json,20260515_021348,20260515_021348,2026-05-15T02:13:48.400108,26.7,instant,415.940152032424,70.0,1.0,1,0,0.23822540044784546,1196.738350642942,-181.80777075879234,220.76383822064582,290.1378971159462,9142.936457244974,1014.9305798841496,False,sensor_unit_mismatch_candidate;segmentation_low_confidence;depth_negative_height;finalize_path_payload_gap,sensor_unit_mismatch
20260515_024019.json,20260515_024019,20260515_024019,2026-05-15T02:40:19.065491,27.05,instant,429.66917004283994,70.0,1.0,1,0,0.7868480086326599,947.7979413378205,67.13263854632908,155.77124672419328,206.57538143782514,22337.757880942532,1014.9305798841496,False,sensor_unit_mismatch_candidate;finalize_path_payload_gap,sensor_unit_mismatch
20260515_024127.json,20260515_024127,20260515_024127,2026-05-15T02:41:27.173944,25.55,instant,380.244199065021,70.0,1.0,1,0,0.5647331476211548,104180.92506543016,-103165.994485546,23906.36813094907,40188.407706810016,532911877.0483485,1014.9305798841496,False,sensor_unit_mismatch_candidate;depth_outlier;depth_negative_height;finalize_path_payload_gap,sensor_unit_mismatch
20260515_031213.json,20260515_031213,20260515_031213,2026-05-15T03:12:13.201289,27.15,instant,435.78328710642114,70.0,1.0,1,0,0.3478560447692871,984.5962266720092,30.3343532121404,319.13021149555635,394.1374582850229,48792.21833329477,1014.9305798841496,False,sensor_unit_mismatch_candidate;segmentation_low_confidence;finalize_path_payload_gap,sensor_unit_mismatch
20260515_044459.json,20260515_044459,20260515_044459,2026-05-15T04:44:59.740899,28.5,instant,175.22792141540165,70.0,1.0,1,0,0.4730003774166107,968.5161375429436,46.41444234120593,196.2817644628998,258.7482738455471,44056.746676152274,1014.9305798841496,False,sensor_unit_mismatch_candidate;finalize_path_payload_gap,sensor_unit_mismatch
20260515_061257.json,20260515_061257,20260515_061257,2026-05-15T06:12:57.854988,24.95,instant,382.03378947181585,70.0,1.0,1,0,0.25239211320877075,948.7310429290957,66.19953695505387,268.4500422172145,276.9793913846511,55065.235296286475,1014.9305798841496,False,sensor_unit_mismatch_candidate;segmentation_low_confidence;finalize_path_payload_gap,sensor_unit_mismatch
20260515_062720.json,20260515_062720,20260515_062720,2026-05-15T06:27:20.800832,24.25,instant,598.0418442751821,70.0,1.0,1,0,0.6844177842140198,944.7779969168911,70.15258296725847,192.56599219449552,219.80661639604025,30579.254523973766,1014.9305798841496,False,sensor_unit_mismatch_candidate;finalize_path_payload_gap,sensor_unit_mismatch
20260515_074340.json,20260515_074340,20260515_074340,2026-05-15T07:43:40.836399,22.9,instant,731.188282909596,70.0,1.0,1,0,0.6106104850769043,944.7779969168911,70.15258296725847,190.42233486370543,241.4031089501117,32088.52532492546,1014.9305798841496,False,sensor_unit_mismatch_candidate;finalize_path_payload_gap,sensor_unit_mismatch
20260515_094529.json,20260515_094529,20260515_094529,2026-05-15T09:45:29.275832,23.4,instant,854.4705479942625,70.0,1.0,1,0,0.24196840822696686,958.4023439634301,56.52823592071945,207.3426642482016,244.8340981121376,31447.72020166289,1014.9305798841496,False,sensor_unit_mismatch_candidate;segmentation_low_confidence;finalize_path_payload_gap,sensor_unit_mismatch
20260515_095619.json,20260515_095619,20260515_095619,2026-05-15T09:56:19.600666,24.2,instant,505.8643227244947,70.0,1.0,1,0,0.5164995193481445,1003.0429943848337,11.887585499315833,275.27497003480016,382.53728594491196,44456.92773421048,1014.9305798841496,False,sensor_unit_mismatch_candidate;finalize_path_payload_gap,sensor_unit_mismatch
20260515_165714.json,20260515_165714,20260515_165714,2026-05-15T16:57:14.161671,23.1,instant,402.9630290210129,70.0,1.0,1,0,0.5105248689651489,992.4547444441081,22.475835440041465,178.44874185012787,258.7506756826854,39265.483868357645,1014.9305798841496,False,sensor_unit_mismatch_candidate;finalize_path_payload_gap,sensor_unit_mismatch
20260515_171259.json,20260515_171259,20260515_171259,2026-05-15T17:12:59.852174,17.35,instant,355.72972287737485,70.0,1.0,1,0,0.3641647696495056,1008.0267331121642,6.9038467719854,208.56372807044184,296.4114671049382,36453.45860842473,1014.9305798841496,False,finalize_path_payload_gap,finalize_path_fallback_risk
20260515_175502.json,20260515_175502,20260515_175502,2026-05-15T17:55:02.190069,22.15,instant,505.6594818916768,70.0,1.0,1,0,0.4963389039039612,1048.8963884138548,-33.965808529705214,219.8893226482852,235.14457086538647,41428.03603070723,1014.9305798841496,False,sensor_unit_mismatch_candidate;depth_negative_height;finalize_path_payload_gap,sensor_unit_mismatch
20260515_205613.json,20260515_205613,20260515_205613,2026-05-15T20:56:13.023690,20.7,instant,357.5724307560194,70.0,1.0,1,0,0.4269625246524811,949.198283038886,65.73229684526359,183.24675322718403,292.3863636051392,39300.50806691587,1014.9305798841496,False,sensor_unit_mismatch_candidate;finalize_path_payload_gap,sensor_unit_mismatch
20260515_213200.json,20260515_213200,20260515_213200,2026-05-15T21:32:00.737217,21.05,instant,502.5760643021352,70.0,1.0,1,0,0.23143939673900604,944.7779969168911,70.15258296725847,199.47609436307354,323.6192550821948,21540.15379290209,1014.9305798841496,False,sensor_unit_mismatch_candidate;segmentation_low_confidence;finalize_path_payload_gap,sensor_unit_mismatch
20260515_215456.json,20260515_215456,20260515_215456,2026-05-15T21:54:56.122242,23.0,instant,485.80219133593346,70.0,1.0,1,0,0.3284390866756439,1137.7491816472598,-122.81860176311022,88.28958602897913,123.82076750604149,7708.631799794585,1014.9305798841496,False,sensor_unit_mismatch_candidate;segmentation_low_confidence;depth_negative_height;finalize_path_payload_gap,sensor_unit_mismatch
20260515_225605.json,20260515_225605,20260515_225605,2026-05-15T22:56:05.830018,21.8,instant,626.2600550170317,70.0,1.0,1,0,0.29833561182022095,968.0296904623093,46.90088942184025,232.22866125615903,243.22173397834405,38015.79048230814,1014.9305798841496,False,sensor_unit_mismatch_candidate;segmentation_low_confidence;finalize_path_payload_gap,sensor_unit_mismatch
20260516_054434.json,20260516_054434,20260516_054434,2026-05-16T05:44:34.876602,23.65,instant,194.70723359535287,70.0,1.0,1,0,0.29863959550857544,980.5887121396377,34.34186774451189,192.55471959629068,298.7150310317539,33140.11205928172,1014.9305798841496,False,sensor_unit_mismatch_candidate;segmentation_low_confidence;finalize_path_payload_gap,sensor_unit_mismatch
20260516_071703.json,20260516_071703,20260516_071703,2026-05-16T07:17:03.447382,21.8,instant,508.3995644740763,70.0,1.0,1,0,0.5710204839706421,977.356548534715,37.57403134943456,291.81093888201985,297.36043375774767,44946.38283014341,1014.9305798841496,False,sensor_unit_mismatch_candidate;finalize_path_payload_gap,sensor_unit_mismatch
20260516_075356.json,20260516_075356,20260516_075356,2026-05-16T07:53:56.094962,24.2,instant,240.0358179413644,70.0,1.0,1,0,0.6340898871421814,1063.2172741472668,-48.28669426311728,159.93162559920546,233.56954405386472,28451.26067429013,1014.9305798841496,False,sensor_unit_mismatch_candidate;depth_negative_height;finalize_path_payload_gap,sensor_unit_mismatch
20260516_083807.json,20260516_083807,20260516_083807,2026-05-16T08:38:07.367270,22.25,instant,493.7110448870314,70.0,1.0,1,0,0.4278443455696106,1471.2573387102732,-456.32675882612364,265.93235927895995,398.8985389184399,77541.90777516935,1014.9305798841496,False,sensor_unit_mismatch_candidate;depth_negative_height;finalize_path_payload_gap,sensor_unit_mismatch
20260516_103939.json,20260516_103939,20260516_103939,2026-05-16T10:39:39.667273,22.05,instant,517.5523908416643,70.0,1.0,1,0,0.2759494483470917,1025.1846349523712,-10.254055068221646,192.17663971138225,244.498905433567,50358.71693487845,1014.9305798841496,False,sensor_unit_mismatch_candidate;segmentation_low_confidence;depth_negative_height;finalize_path_payload_gap,sensor_unit_mismatch
20260516_185023.json,20260516_185023,20260516_185023,2026-05-16T18:50:23.551445,19.0,instant,589.8917711711076,70.0,1.0,1,0,0.5430111885070801,1025.7302361418083,-10.79965625765874,222.28892069719382,229.0837785350993,30606.443973488498,1014.9305798841496,False,depth_negative_height;finalize_path_payload_gap,finalize_path_fallback_risk
20260516_201815.json,20260516_201815,20260516_201815,2026-05-16T20:18:15.557581,18.65,instant,851.037682999218,70.0,1.0,1,0,0.4137771427631378,989.3979023154302,25.53267756871935,300.55585645740956,343.62616610551186,39600.87753261593,1014.9305798841496,False,finalize_path_payload_gap,finalize_path_fallback_risk
20260516_232540.json,20260516_232540,20260516_232540,2026-05-16T23:25:40.369366,19.6,instant,345.4530560253278,70.0,1.0,1,0,0.37820062041282654,952.2465976830325,62.68398220111703,173.0214054535211,190.14331536819248,19140.15330460413,1014.9305798841496,False,finalize_path_payload_gap,finalize_path_fallback_risk
20260517_001842.json,20260517_001842,20260517_001842,2026-05-17T00:18:42.593780,14.15,instant,909.3620434701357,70.0,1.0,1,0,0.3326282203197479,1335.8843276454395,-320.95374776128995,244.5421357880888,388.40596940508027,79286.08794248321,1014.9305798841496,False,segmentation_low_confidence;depth_negative_height;finalize_path_payload_gap,finalize_path_fallback_risk
20260517_010145.json,20260517_010145,20260517_010145,2026-05-17T01:01:45.169082,20.85,instant,525.3397151452708,70.0,1.0,1,0,0.5057343244552612,987.117599851707,27.81298003244251,141.05712233335186,208.31614755190373,18183.464712530644,1014.9305798841496,False,sensor_unit_mismatch_candidate;finalize_path_payload_gap,sensor_unit_mismatch
20260517_015314.json,20260517_015314,20260517_015314,2026-05-17T01:53:14.212663,15.65,instant,720.565295193764,70.0,1.0,1,0,0.2911585867404938,944.7779969168911,70.15258296725847,223.22947762694764,357.02144969326315,44625.38902015682,1014.9305798841496,False,segmentation_low_confidence;finalize_path_payload_gap,finalize_path_fallback_risk
20260517_020953.json,20260517_020953,20260517_020953,2026-05-17T02:09:53.660577,16.95,instant,467.83137953590625,70.0,1.0,1,0,0.6094070076942444,1008.290407381877,6.640172502272549,258.30340918625683,449.68697216063475,78651.05861292477,1014.9305798841496,False,finalize_path_payload_gap,finalize_path_fallback_risk
20260517_062402.json,20260517_062402,20260517_062402,2026-05-17T06:24:02.779592,14.0,instant,1392.1164957908766,70.0,1.0,1,0,0.34686440229415894,998.8842258152152,16.046354068934306,195.20202732416288,237.740005666746,34028.08329747494,1014.9305798841496,False,segmentation_low_confidence;finalize_path_payload_gap,finalize_path_fallback_risk
20260517_065817.json,20260517_065817,20260517_065817,2026-05-17T06:58:17.550352,16.95,instant,356.61382994388714,70.0,1.0,1,0,0.5384144186973572,1180.2493041705193,-165.31872428636973,243.48904359010774,270.2951768293857,36030.79691453533,1014.9305798841496,False,depth_negative_height;finalize_path_payload_gap,finalize_path_fallback_risk
20260517_081110.json,20260517_081110,20260517_081110,2026-05-17T08:11:10.388411,17.1,instant,603.2138409254651,70.0,1.0,1,0,0.453125,3893.6305327483997,-2878.69995286425,482.69768021431395,742.4700959021699,216953.79734822907,1014.9305798841496,False,depth_outlier;depth_negative_height;finalize_path_payload_gap,finalize_path_fallback_risk
20260517_082045.json,20260517_082045,20260517_082045,2026-05-17T08:20:45.958242,19.7,instant,367.8882375934234,70.0,1.0,1,0,0.48751577734947205,967.5437317823583,47.3868481017912,247.21996750606647,320.92814300324557,50100.55084049657,1014.9305798841496,False,finalize_path_payload_gap,finalize_path_fallback_risk
20260517_082129.json,20260517_082129,20260517_082129,2026-05-17T08:21:29.508220,19.7,instant,468.294387391042,70.0,1.0,1,0,0.35294288396835327,946.6341422939381,68.29643759021144,250.83571468417313,283.08602085785253,61982.064507125826,1014.9305798841496,False,finalize_path_payload_gap,finalize_path_fallback_risk
20260517_112103.json,20260517_112103,20260517_112103,2026-05-17T11:21:03.423413,16.45,instant,529.8104469635095,70.0,1.0,1,0,0.26544955372810364,983.0895759808508,31.84100390329877,150.25010873348947,184.20756364848864,22934.854403884798,1014.9305798841496,False,segmentation_low_confidence;finalize_path_payload_gap,finalize_path_fallback_risk
20260517_184523.json,20260517_184523,20260517_184523,2026-05-17T18:45:23.761087,16.9,instant,891.6810157407713,70.0,1.0,1,0,0.3658841550350189,960.3124632339103,54.618116650239244,169.034240529642,189.9363240359956,17798.332220244563,1014.9305798841496,False,finalize_path_payload_gap,finalize_path_fallback_risk
20260517_192012.json,20260517_192012,20260517_192012,2026-05-17T19:20:12.169721,18.55,instant,330.307878448438,70.0,1.0,1,0,0.33369284868240356,3499.495440236873,-2484.5648603527234,839.5229497249435,854.4257239804159,513671.0711752101,1014.9305798841496,False,segmentation_low_confidence;depth_outlier;depth_negative_height;finalize_path_payload_gap,finalize_path_fallback_risk
20260517_214048.json,20260517_214048,20260517_214048,2026-05-17T21:40:48.562222,17.6,instant,1348.1104096583638,70.0,1.0,1,0,0.33153918385505676,952.7173078153525,62.213272068797096,200.60569011559437,279.946367554571,24914.370078050462,1014.9305798841496,False,segmentation_low_confidence;finalize_path_payload_gap,finalize_path_fallback_risk
20260517_222554.json,20260517_222554,20260517_222554,2026-05-17T22:25:54.289026,17.35,instant,353.9570799473838,70.0,1.0,1,0,0.5870690941810608,974.6382370217234,40.29234286242615,205.68253978915,222.74589183772156,19403.128788353475,1014.9305798841496,False,finalize_path_payload_gap,finalize_path_fallback_risk
20260518_023422.json,20260518_023422,20260518_023422,2026-05-18T02:34:22.238930,14.75,instant,858.8905044737616,70.0,1.0,1,0,0.7622697353363037,987.8765318864469,27.054047997702696,296.8216501488065,319.7259979555648,54077.23279757079,1014.9305798841496,False,finalize_path_payload_gap,finalize_path_fallback_risk
20260518_040454.json,20260518_040454,20260518_040454,2026-05-18T04:04:54.468886,15.6,instant,753.8240880700577,70.0,1.0,1,0,0.5071976780891418,1113.9125061178777,-98.98192623372813,249.42968674505508,290.3722956668208,49648.0415268763,1014.9305798841496,False,depth_negative_height;finalize_path_payload_gap,finalize_path_fallback_risk
20260518_042012.json,20260518_042012,20260518_042012,2026-05-18T04:20:12.946036,16.5,instant,229.18391843211165,70.0,1.0,1,0,0.47792357206344604,964.396854496101,50.53372538804854,211.34393535852857,216.03926652847576,38346.06915128,1014.9305798841496,False,finalize_path_payload_gap,finalize_path_fallback_risk
20260518_045712.json,20260518_045712,20260518_045712,2026-05-18T04:57:12.231489,17.05,instant,218.3075023728224,70.0,1.0,1,0,0.2935830056667328,987.117599851707,27.81298003244251,213.94592537552552,308.3228731068924,40158.15146595467,1014.9305798841496,False,segmentation_low_confidence;finalize_path_payload_gap,finalize_path_fallback_risk
20260518_064715.json,20260518_064715,20260518_064715,2026-05-18T06:47:15.679545,16.05,instant,1169.139495838284,70.0,1.0,1,0,0.274406373500824,985.4772408081084,29.453339076041175,201.44176925356902,392.6249298877433,43731.51961388912,1014.9305798841496,False,segmentation_low_confidence;finalize_path_payload_gap,finalize_path_fallback_risk
20260518_065429.json,20260518_065429,20260518_065429,2026-05-18T06:54:29.064439,17.9,instant,358.4141314520969,70.0,1.0,1,0,0.3129288852214813,970.4668246276224,44.46375525652718,226.81351174483925,237.03781153204105,42761.07867231552,1014.9305798841496,False,segmentation_low_confidence;finalize_path_payload_gap,finalize_path_fallback_risk
20260518_081846.json,20260518_081846,20260518_081846,2026-05-18T08:18:46.442871,17.6,instant,520.8088009699701,70.0,1.0,1,0,0.5692406892776489,982.0877012537366,32.842878630413,230.59826324109858,275.72808726564796,58933.13780867399,1014.9305798841496,False,finalize_path_payload_gap,finalize_path_fallback_risk
20260518_082749.json,20260518_082749,20260518_082749,2026-05-18T08:27:49.137278,17.35,instant,563.7610308480317,70.0,1.0,1,0,0.34109964966773987,996.5600381129565,18.370541771193075,203.32448102686175,347.33543786296497,41101.70820070387,1014.9305798841496,False,segmentation_low_confidence;finalize_path_payload_gap,finalize_path_fallback_risk
20260518_091149.json,20260518_091149,20260518_091149,2026-05-18T09:11:49.055334,17.75,instant,552.5344779619602,70.0,1.0,1,0,0.3135659098625183,1338.4354956322625,-323.5049157481129,370.8991464682772,494.5888752327715,71292.56870205412,1014.9305798841496,False,segmentation_low_confidence;depth_negative_height;finalize_path_payload_gap,finalize_path_fallback_risk
20260518_110930.json,20260518_110930,20260518_110930,2026-05-18T11:09:30.778827,17.65,instant,193.21980387929526,70.0,1.0,1,0,0.4300282895565033,1073.1331368098317,-58.20255692568219,286.89384746837385,359.5059185975375,50478.45818907043,1014.9305798841496,False,depth_negative_height;finalize_path_payload_gap,finalize_path_fallback_risk
20260518_112147.json,20260518_112147,20260518_112147,2026-05-18T11:21:47.469715,19.0,instant,314.27526835915074,70.0,1.0,1,0,0.25872111320495605,972.670761398162,42.25981848598758,276.44093245589056,352.7276299930352,40535.52827368861,1014.9305798841496,False,segmentation_low_confidence;finalize_path_payload_gap,finalize_path_fallback_risk
20260518_115920.json,20260518_115920,20260518_115920,2026-05-18T11:59:20.325097,17.85,instant,394.152833180069,70.0,1.0,1,0,0.21557065844535828,971.6899993498654,43.24058053428416,211.80092512821741,248.32067262132912,48858.64397748036,1014.9305798841496,False,segmentation_low_confidence;finalize_path_payload_gap,finalize_path_fallback_risk
20260518_165540.json,20260518_165540,20260518_165540,2026-05-18T16:55:40.031500,16.3,instant,541.3281838723474,70.0,1.0,1,0,0.23815029859542847,944.7779969168911,70.15258296725847,198.52892549224282,262.82074624763175,39249.29376367479,1014.9305798841496,False,segmentation_low_confidence;finalize_path_payload_gap,finalize_path_fallback_risk
20260518_200632.json,20260518_200632,20260518_200632,2026-05-18T20:06:32.225680,14.8,instant,662.9142233164621,70.0,1.0,1,0,0.29249751567840576,1000.4397164341852,14.490863449964309,196.32257073296142,209.22118488856282,31098.421579876078,1014.9305798841496,False,segmentation_low_confidence;finalize_path_payload_gap,finalize_path_fallback_risk
20260518_201713.json,20260518_201713,20260518_201713,2026-05-18T20:17:13.615716,15.95,instant,659.9090824768258,70.0,1.0,1,0,0.45215538144111633,952.4818945937524,62.44868529039718,300.15814982401986,300.15814982401986,48681.612809081074,1014.9305798841496,False,finalize_path_payload_gap,finalize_path_fallback_risk
20260518_221121.json,20260518_221121,20260518_221121,2026-05-18T22:11:21.367343,10.65,instant,626.4742518738012,70.0,1.0,1,0,0.2530476748943329,1041.8092506543016,-26.878670770152098,176.43915377618697,282.1796539775645,33093.92561300195,1014.9305798841496,False,segmentation_low_confidence;depth_negative_height;finalize_path_payload_gap,finalize_path_fallback_risk
20260518_225358.json,20260518_225358,20260518_225358,2026-05-18T22:53:58.565353,12.65,instant,577.6609799540436,70.0,1.0,1,0,0.3375265598297119,963.673556855229,51.25702302892057,191.9572373873418,196.7299100988609,20183.95204439298,1014.9305798841496,False,segmentation_low_confidence;finalize_path_payload_gap,finalize_path_fallback_risk
20260519_031014.json,20260519_031014,20260519_031014,2026-05-19T03:10:14.882490,15.05,instant,740.7607325515946,70.0,1.0,1,0,0.2916617691516876,994.2466410680722,20.68393881607733,187.16225029637314,286.08173480372994,41138.40560946878,1014.9305798841496,False,segmentation_low_confidence;finalize_path_payload_gap,finalize_path_fallback_risk
20260519_034928.json,20260519_034928,20260519_034928,2026-05-19T03:49:28.169529,14.7,instant,477.6876664263748,70.0,1.0,1,0,0.54683518409729,979.5919256469925,35.338654237157016,247.9808591186081,267.4485153484801,38328.286973041635,1014.9305798841496,False,finalize_path_payload_gap,finalize_path_fallback_risk
20260519_090926.json,20260519_090926,20260519_090926,2026-05-19T09:09:26.205575,14.2,instant,653.0934938844712,70.0,1.0,1,0,0.3792918622493744,986.9912245348652,27.93935534928437,111.14999048327488,129.3636443859964,10009.164668262903,1014.9305798841496,False,finalize_path_payload_gap,finalize_path_fallback_risk
20260519_120114.json,20260519_120114,20260519_120114,2026-05-19T12:01:14.035012,16.35,instant,281.02267278817345,70.0,1.0,1,0,0.3170367181301117,982.3379784456972,32.592601438452334,278.424173167949,284.0019529309129,37081.54450105586,1014.9305798841496,False,segmentation_low_confidence;finalize_path_payload_gap,finalize_path_fallback_risk
20260520_001220.json,20260520_001220,20260520_001220,2026-05-20T00:12:20.462245,11.75,instant,652.7722437401518,70.0,1.0,1,0,0.2845934331417084,992.7103341284873,22.22024575566229,195.87444519649682,221.2394812651079,26414.469281736114,1014.9305798841496,False,segmentation_low_confidence;finalize_path_payload_gap,finalize_path_fallback_risk
20260520_043654.json,20260520_043654,20260520_043654,2026-05-20T04:36:54.194541,12.45,instant,530.2659709039885,70.0,1.0,1,0,0.2683228850364685,975.0080251475695,39.92255473658008,42.44389183989036,54.900251401597316,4297.155664411103,1014.9305798841496,False,segmentation_low_confidence;finalize_path_payload_gap,finalize_path_fallback_risk
20260520_044405.json,20260520_044405,20260520_044405,2026-05-20T04:44:05.613816,11.95,instant,233.28706624807427,70.0,1.0,1,0,0.4065832197666168,1303.5827620632112,-288.6521821790617,289.9049617077865,346.03549684695366,49433.77457267417,1014.9305798841496,False,depth_negative_height;finalize_path_payload_gap,finalize_path_fallback_risk
20260520_045257.json,20260520_045257,20260520_045257,2026-05-20T04:52:57.247279,17.15,instant,182.6801543783932,70.0,1.0,1,0,0.20491161942481995,963.673556855229,51.25702302892057,255.35070188644045,302.3170019355374,33897.81082278016,1014.9305798841496,False,segmentation_low_confidence;finalize_path_payload_gap,finalize_path_fallback_risk
20260520_071546.json,20260520_071546,20260520_071546,2026-05-20T07:15:46.671102,11.8,instant,699.870880039748,70.0,1.0,1,0,0.4062422215938568,944.7779969168911,70.15258296725847,202.5225819236729,255.5815149360864,48875.15611325612,1014.9305798841496,False,finalize_path_payload_gap,finalize_path_fallback_risk
20260520_074324.json,20260520_074324,20260520_074324,2026-05-20T07:43:24.987430,15.05,instant,399.73344993763595,70.0,1.0,1,0,0.4189217984676361,1163.1545647015437,-148.22398481739413,66.59505488267756,69.34691665468902,5614.6699217347705,1014.9305798841496,False,depth_negative_height;finalize_path_payload_gap,finalize_path_fallback_risk
20260520_113428.json,20260520_113428,20260520_113428,2026-05-20T11:34:28.708375,10.45,instant,283.2247487641488,70.0,1.0,1,0,0.5605796575546265,89644.05180048641,-88629.12122060226,17136.496021526455,22481.046760913418,254028227.75975493,1014.9305798841496,False,depth_outlier;depth_negative_height;finalize_path_payload_gap,finalize_path_fallback_risk
20260520_134455.json,20260520_134455,20260520_134455,2026-05-20T13:44:55.122128,14.1,instant,361.196602778569,70.0,1.0,1,0,0.5260955691337585,1006.9734136418275,7.957166242322046,190.58871290378283,262.0594802427014,29028.018977553827,1014.9305798841496,False,finalize_path_payload_gap,finalize_path_fallback_risk
20260520_144505.json,20260520_144505,20260520_144505,2026-05-20T14:45:05.010695,14.1,instant,320.23473071410547,70.0,1.0,1,0,0.4010639190673828,964.6381950502793,50.2923848338703,196.35702527674317,247.16088787820655,37316.336348368946,1014.9305798841496,False,finalize_path_payload_gap,finalize_path_fallback_risk
20260520_171813.json,20260520_171813,20260520_171813,2026-05-20T17:18:13.118238,12.75,instant,356.01356301807164,70.0,1.0,1,0,0.22402545809745789,1009.3464853157675,5.584094568382056,156.65101726430024,256.9458653917254,27552.40373353196,1014.9305798841496,False,segmentation_low_confidence;finalize_path_payload_gap,finalize_path_fallback_risk
20260619_042207.json,20260619_042207,20260619_042207,2026-06-19T04:22:07.365510,,unstable,2394.1794535590125,70.0,1.0,1,0,0.5137155055999756,1174.853467668673,-159.92288778452337,199.29473034174183,200.0809207164448,33057.342046938604,1014.9305798841496,False,sensor_missing_weight;sensor_unstable_weight;depth_negative_height,sensor_or_timing_gap
20260619_042238.json,20260619_042238,20260619_042238,2026-06-19T04:22:38.074845,,unstable,1510.9051210320413,70.0,1.0,1,0,0.5012942552566528,1139.7676603846587,-124.83708050050916,193.34299534336336,194.10570693987444,30543.19885491136,1014.9305798841496,False,sensor_missing_weight;sensor_unstable_weight;depth_negative_height,sensor_or_timing_gap
20260619_042728.json,20260619_042728,20260619_042728,2026-06-19T04:27:28.173994,,unstable,1928.6493195402309,70.0,1.0,1,0,0.22651387751102448,1232.7132163162507,-217.78263643210119,208.81623464379095,209.98280578705234,39567.80747214121,1014.9305798841496,False,sensor_missing_weight;sensor_unstable_weight;segmentation_low_confidence;depth_negative_height,sensor_or_timing_gap
20260619_043118.json,20260619_043118,20260619_043118,2026-06-19T04:31:18.854176,,unstable,1889.9842213889758,70.0,1.0,1,0,0.23327986896038055,1163.8569527237064,-148.92637283955685,197.15228433911057,198.25369374882627,30176.112103975258,1014.9305798841496,False,sensor_missing_weight;sensor_unstable_weight;segmentation_low_confidence;depth_negative_height,sensor_or_timing_gap
20260619_043455.json,20260619_043455,20260619_043455,2026-06-19T04:34:55.070030,,unstable,1713.3832914148827,70.0,1.0,1,0,0.4233815670013428,944.7779969168911,70.15258296725847,160.14690121747347,160.69955168182426,22247.964412678073,1014.9305798841496,False,sensor_missing_weight;sensor_unstable_weight,sensor_or_timing_gap
20260619_045428.json,20260619_045428,20260619_045428,2026-06-19T04:54:28.526753,,unstable,955.3618999221164,70.0,1.0,1,0,0.6242145895957947,953.1884835363294,61.742096347820166,79.3799023877477,165.52513853843755,9242.797064791119,1014.9305798841496,False,sensor_missing_weight;sensor_unstable_weight,sensor_or_timing_gap
20260619_045441.json,20260619_045441,20260619_045441,2026-06-19T04:54:41.566906,,unstable,947.7473681515359,70.0,1.0,1,0,0.28397297859191895,986.864881572175,28.06569831197453,80.78355836421707,169.97234245419082,9844.330351822064,1014.9305798841496,False,sensor_missing_weight;sensor_unstable_weight;segmentation_low_confidence,sensor_or_timing_gap
20260619_045454.json,20260619_045454,20260619_045454,2026-06-19T04:54:54.515459,,unstable,1024.6123165330653,70.0,1.0,1,0,0.3660379946231842,982.3379784456972,32.592601438452334,81.34260735819636,170.12225440034462,9798.884737900295,1014.9305798841496,False,sensor_missing_weight;sensor_unstable_weight,sensor_or_timing_gap
20260619_045713.json,20260619_045713,20260619_045713,2026-06-19T04:57:13.176668,,unstable,2239.5086204089257,70.0,1.0,1,0,0.5227705836296082,1003.8266217241968,11.103958159952754,82.64700858154195,174.31869051394193,9840.519513478332,1014.9305798841496,False,sensor_missing_weight;sensor_unstable_weight,sensor_or_timing_gap
20260619_045802.json,20260619_045802,20260619_045802,2026-06-19T04:58:02.211816,,unstable,1833.7909979144981,70.0,1.0,1,0,0.549846351146698,995.5305339413522,19.400045942797306,82.43503278295721,172.87804017911597,10042.43929853567,1014.9305798841496,False,sensor_missing_weight;sensor_unstable_weight,sensor_or_timing_gap
20260619_045844.json,20260619_045844,20260619_045844,2026-06-19T04:58:44.003251,,unstable,2294.123224559661,70.0,1.0,1,0,0.4833340346813202,1121.2025094301675,-106.27192954601799,93.90234416478792,193.64042823864543,12609.910036052797,1014.9305798841496,False,sensor_missing_weight;sensor_unstable_weight;depth_negative_height,sensor_or_timing_gap
20260619_045858.json,20260619_045858,20260619_045858,2026-06-19T04:58:58.644707,,unstable,2137.4757464997983,70.0,1.0,1,0,0.3448334038257599,1182.7843594418275,-167.85377955767797,98.50027030319102,204.8357893804995,13977.029652813499,1014.9305798841496,False,sensor_missing_weight;sensor_unstable_weight;segmentation_low_confidence;depth_negative_height,sensor_or_timing_gap
20260619_050013.json,20260619_050013,20260619_050013,2026-06-19T05:00:13.566581,,unstable,2151.516164369606,70.0,1.0,1,0,0.6554344892501831,995.7877105194823,19.142869364667263,83.86985100000777,171.9803131708765,10099.641221632517,1014.9305798841496,False,sensor_missing_weight;sensor_unstable_weight,sensor_or_timing_gap
20260619_050050.json,20260619_050050,20260619_050050,2026-06-19T05:00:50.066816,,unstable,1321.2150913773683,70.0,1.0,1,0,0.566480278968811,9048.577998640647,-8033.647418756497,757.8315944566687,1558.4785406149617,836968.2865178501,1014.9305798841496,False,sensor_missing_weight;sensor_unstable_weight;depth_outlier;depth_negative_height,sensor_or_timing_gap
20260619_050206.json,20260619_050206,20260619_050206,2026-06-19T05:02:06.711400,,unstable,1823.886761943696,70.0,1.0,1,0,0.6792116165161133,12763.888170267934,-11748.957590383785,1068.9942358892083,2204.4231532598114,1667394.4458630793,1014.9305798841496,False,sensor_missing_weight;sensor_unstable_weight;depth_outlier;depth_negative_height,sensor_or_timing_gap
