session_id,captured_at,detection_index,record_id,group_total_weight_g,weight_stable,weight_label_type,camera_id,batch_id,age_days,breed,sex,area_mm2,length_mm,width_mm,height_mm,depth_mm,confidence,bbox_area_px,bbox_aspect_ratio,mask_fill_ratio,is_mask_clipped,centroid_x_norm,centroid_y_norm,quality_reasons,volume_proxy_area_height_mm3,volume_proxy_lwh_mm3,length_width_ratio,is_height_outlier,standard_weight_g,standard_adg_g_per_day,standard_fcr,quality_pass,session_quality_pass,session_quality_reason,eligible_chicken_count,pseudo_weight_g,session_sample_weight
20260919_232621,2026-09-19 23:26:21.651+00,5,,1050.0,True,group_total,,,10,Arbor Acres Plus,male,8484.575245095135,94.87302899813793,93.92429870815656,12.409324378059637,1002.5212555060899,0.9182314276695251,39999.0,1.0100502512562815,0.9426607621062109,False,,,,105287.84642644037,110578.0341048914,1.01010101010101,0,338.0,29.6,0.951,True,True,,2,525.0,0.5
20260919_232621,2026-09-19 23:26:21.651+00,8,,1050.0,True,group_total,,,10,Arbor Acres Plus,male,8241.778978115017,126.94864872610636,81.19330919048149,66.89953526513432,948.0310446190152,0.9588831663131714,51688.0,0.6408450704225352,0.7924059984614247,False,,,,551371.1833938482,689558.9911632772,1.5635358380119935,0,338.0,29.6,0.951,True,True,,2,525.0,0.5
20260919_232603,2026-09-19 23:26:03.678+00,0,,1050.0,True,group_total,,,10,Arbor Acres Plus,male,7962.229065188749,124.2778546892152,79.12654776975212,70.15258296725847,944.7779969168911,0.9605761766433716,49662.0,0.6379928315412187,0.8022552325239616,False,,,,558570.9350999705,689857.8841133494,1.5706214689265539,0,338.0,29.6,0.951,True,True,,1,1050.0,1.0
20260919_213359,2026-09-19 21:33:59.855+00,3,,2250.0,True,group_total,,,10,Arbor Acres Plus,male,10702.165359528692,141.87701996217024,94.66635808563333,2.668440330337603,1012.262139553812,0.8122838735580444,64024.0,0.7019867549668874,0.7286257286839197,False,,,,28558.08966730839,35839.770778297476,1.4987058003629026,0,338.0,29.6,0.951,True,True,,1,2250.0,1.0
20260919_183728,2026-09-19 18:37:28.399+00,2,,1950.0,True,group_total,,,10,Arbor Acres Plus,male,9101.540007420583,105.76819759083725,103.49849377987506,55.574127066599544,959.35645281755,0.8506571054458618,53586.0,1.0218340611353711,0.8242618085395421,False,,,,505810.1408741308,608361.5851110348,1.0219298245614037,0,338.0,29.6,0.951,True,True,,2,975.0,0.5
20260919_183728,2026-09-19 18:37:28.399+00,6,,1950.0,True,group_total,,,10,Arbor Acres Plus,male,8277.7882380855,101.29384290812871,96.3383470704425,59.02376589260189,955.9068139915477,0.8573182821273804,50416.0,1.4891304347826086,0.802558037562054,False,,,,488586.23507329205,575982.3212775204,1.0514384561120065,0,338.0,29.6,0.951,True,True,,2,975.0,0.5
20260919_183723,2026-09-19 18:37:23.393+00,2,,1950.0,True,group_total,,,10,Arbor Acres Plus,male,8827.28074605313,110.01122786760774,99.68651747953697,60.5621155561189,954.3684643280307,0.8962141275405884,54755.0,1.0085836909871244,0.7905559878035361,False,,,,534598.796588773,664162.6881867422,1.10357178331754,0,338.0,29.6,0.951,True,True,,1,1950.0,1.0
20260919_183519,2026-09-19 18:35:19.458+00,3,,2150.0,True,group_total,,,10,Arbor Acres Plus,male,7832.63108218065,121.08301649569238,80.94376292891262,13.841311627841037,1001.0892682563085,0.8914214372634888,52864.0,0.9491525423728814,0.6603340253991595,False,,,,108413.88767437616,135657.51850307593,1.495890629671261,0,338.0,29.6,0.951,True,True,,1,2150.0,1.0
20260919_174451,2026-09-19 17:44:51.178+00,5,,2400.0,True,group_total,,,10,Arbor Acres Plus,male,7957.524165489011,101.88808177180465,84.52598474410182,49.32581349614463,965.6047663880049,0.9196087718009949,42594.0,0.8122270742358079,0.8949368169633817,False,,,,392511.3528779749,424803.2997055138,1.2054054392890625,0,338.0,29.6,0.951,True,True,,2,1200.0,0.5
20260919_174451,2026-09-19 17:44:51.178+00,6,,2400.0,True,group_total,,,10,Arbor Acres Plus,male,7825.724370584277,122.03707662920489,82.3040749359754,15.26921385175433,999.6613660323952,0.9395192861557007,45325.0,0.6756756756756757,0.7716894366290118,False,,,,119492.65895933687,153366.25445694363,1.482758620689655,0,338.0,29.6,0.951,True,True,,2,1200.0,0.5
20260919_172903,2026-09-19 17:29:03.178+00,7,,2250.0,True,group_total,,,10,Arbor Acres Plus,male,7830.980478284871,99.57579698891672,96.21762008780394,25.786564636288176,989.1440152478614,0.823042094707489,46990.0,1.372972972972973,0.7607698241252294,False,,,,201934.08426880374,247059.68858223042,1.0349018911302137,0,338.0,29.6,0.951,True,True,,1,2250.0,1.0
20260919_172516,2026-09-19 17:25:16.597+00,10,,1500.0,True,group_total,,,10,Arbor Acres Plus,male,7623.7373162618205,113.22292096206301,83.49399060856753,65.14759912255886,949.7829807615907,0.8314889073371887,48852.0,1.5593220338983051,0.7726778205153808,False,,,,496668.18249551783,615868.4959559616,1.3560607193021736,0,338.0,29.6,0.951,True,True,,1,1500.0,1.0
20260919_171603,2026-09-19 17:16:03.592+00,5,,1200.0,True,group_total,,,10,Arbor Acres Plus,male,8483.714618478782,123.85030959707298,83.3607853057222,8.220152247451779,1006.7104276366978,0.8845637440681458,46112.0,1.4886363636363635,0.8108202651670458,False,,,,69737.42578782787,84866.98138412643,1.4857142857142855,0,338.0,29.6,0.951,True,True,,2,600.0,0.5
20260919_171603,2026-09-19 17:16:03.592+00,6,,1200.0,True,group_total,,,10,Arbor Acres Plus,male,7776.636263866611,96.58893608107428,90.85193151411404,25.786564636288176,989.1440152478614,0.8343518972396851,41230.0,0.8755760368663594,0.8610354515814012,False,,,,200532.73367109898,226284.61903944466,1.0631467539693307,0,338.0,29.6,0.951,True,True,,2,600.0,0.5
20260919_171335,2026-09-19 17:13:35.648+00,1,,1100.0,True,group_total,,,10,Arbor Acres Plus,male,7536.585983645342,98.74649156183327,79.57241553040933,1.8703361467208879,1013.0602437374287,0.9184498190879822,36018.0,1.1896551724137931,0.910638813334625,False,,,,14095.94918808188,14696.160397625286,1.2409638554216869,0,338.0,29.6,0.951,True,True,,1,1100.0,1.0
20260919_170713,2026-09-19 17:07:13.722+00,3,,1450.0,True,group_total,,,10,Arbor Acres Plus,male,7240.161683060129,95.82279049006762,85.6309046020357,55.09635990882191,959.8342199753276,0.8294131755828857,44160.0,0.8347826086956521,0.7948558563771455,False,,,,398906.55388794263,452087.2435608131,1.1190211166797557,0,338.0,29.6,0.951,True,True,,1,1450.0,1.0
20260919_170536,2026-09-19 17:05:36.351+00,5,,1450.0,True,group_total,,,10,Arbor Acres Plus,male,6918.405180364774,93.81195588381365,90.9587165847742,70.15258296725847,944.7779969168911,0.8467135429382324,46930.0,1.3,0.7376622097390104,False,,,,485343.9934166506,598613.0502897038,1.0313685087715614,0,338.0,29.6,0.951,True,True,,1,1450.0,1.0
20260919_170333,2026-09-19 17:03:33.965+00,3,,1400.0,True,group_total,,,10,Arbor Acres Plus,male,7629.3981443319235,95.49499288952015,85.26847861461842,47.143929765918074,967.7866501182315,0.864094614982605,40320.0,1.09375,0.9023440082867941,False,,,,359679.8102726099,383879.4784144912,1.1199331152737197,0,338.0,29.6,0.951,True,True,,1,1400.0,1.0
20260919_165908,2026-09-19 16:59:08.958+00,1,,800.0,True,group_total,,,10,Arbor Acres Plus,male,6980.65575062111,106.01394994327332,79.7322274501323,66.66631729597839,948.2642625881712,0.8685900568962097,42676.0,0.8281938325991189,0.8124850619329778,False,,,,465374.6112049031,563512.2715154055,1.329624837203735,0,338.0,29.6,0.951,True,True,,2,400.0,0.5
20260919_165908,2026-09-19 16:59:08.958+00,2,,800.0,True,group_total,,,10,Arbor Acres Plus,male,8234.491328323076,136.7032665788183,70.51737620780557,32.842878630413,982.0877012537366,0.9087679386138916,47724.0,0.563573883161512,0.7990262216438982,False,,,,270444.3992793031,316603.89434084453,1.9385756239139058,0,338.0,29.6,0.951,True,True,,2,400.0,0.5
20260919_165251,2026-09-19 16:52:51.685+00,0,,2150.0,True,group_total,,,10,Arbor Acres Plus,male,6606.078598499254,123.66735315665215,64.23999829173515,50.53372538804854,964.396854496101,0.8956553936004639,48175.0,0.8723404255319149,0.6585247162926302,False,,,,333829.76178842585,401459.65070839477,1.9250833817746642,0,338.0,29.6,0.951,True,True,,1,2150.0,1.0
20260919_165241,2026-09-19 16:52:41.192+00,0,,2150.0,True,group_total,,,10,Arbor Acres Plus,male,8525.790440160763,114.47048825170663,89.55432222917372,43.485462086539656,971.4451177976099,0.8583989143371582,50496.0,0.7300380228136882,0.7991030229815059,False,,,,370747.9369433931,445783.69118750846,1.278224047732406,0,338.0,29.6,0.951,True,True,,3,716.6666666666666,0.3333333333333333
20260919_165241,2026-09-19 16:52:41.192+00,3,,2150.0,True,group_total,,,10,Arbor Acres Plus,male,7933.532495929584,114.05526319316327,84.1157527979523,10.580859347173032,1004.3497205369765,0.8039292693138123,46102.0,0.6872586872586872,0.7619711872729855,False,,,,83943.59146565753,101511.11739156915,1.3559322647581395,0,338.0,29.6,0.951,True,True,,3,716.6666666666666,0.3333333333333333
20260919_165241,2026-09-19 16:52:41.192+00,4,,2150.0,True,group_total,,,10,Arbor Acres Plus,male,6067.174825958189,98.50607720571023,72.5885087809321,57.48044888044467,957.4501310037049,0.8376091718673706,39201.0,1.223463687150838,0.7540821744843358,False,,,,348743.9324322105,411008.733381637,1.3570478145927456,0,338.0,29.6,0.951,True,True,,3,716.6666666666666,0.3333333333333333
20260919_165158,2026-09-19 16:51:58.871+00,0,,2150.0,True,group_total,,,10,Arbor Acres Plus,male,6960.243124927993,112.830025441575,67.33404184244301,53.42042088666494,961.5101589974846,0.8854637145996094,40089.0,0.6465863453815262,0.8387896626204205,False,,,,371819.1172071695,405851.0519685527,1.6756758149999287,0,338.0,29.6,0.951,True,True,,2,1075.0,0.5
20260919_165158,2026-09-19 16:51:58.871+00,1,,2150.0,True,group_total,,,10,Arbor Acres Plus,male,8079.390363328952,108.6963624579371,83.89013866048258,61.742096347820166,953.1884835363294,0.841414213180542,45254.0,0.7727272727272727,0.87765874283984,False,,,,498838.4982443059,562998.5728458851,1.2956989247311828,0,338.0,29.6,0.951,True,True,,2,1075.0,0.5
20260919_165120,2026-09-19 16:51:20.186+00,1,,2150.0,True,group_total,,,10,Arbor Acres Plus,male,6877.716550829976,105.81898915925473,74.75470460223873,67.83126110751175,947.0993187766378,0.9608281254768372,44184.0,0.6387832699619772,0.7750858916075964,False,,,,466524.18718280323,536576.9712745149,1.415549559352893,0,338.0,29.6,0.951,True,True,,2,1075.0,0.5
20260919_165120,2026-09-19 16:51:20.186+00,2,,2150.0,True,group_total,,,10,Arbor Acres Plus,male,7058.866834949984,89.40851491073346,74.65610769942374,70.15258296725847,944.7779969168911,0.8169983625411987,43344.0,0.6511627906976745,0.8149070924566698,False,,,,495197.7412936579,468260.8950740132,1.1976048265294654,0,338.0,29.6,0.951,True,True,,2,1075.0,0.5
20260919_164659,2026-09-19 16:46:59.217+00,4,,2150.0,True,group_total,,,10,Arbor Acres Plus,male,8239.090622487409,104.62732880557606,87.90312620789362,59.14227653157934,955.7883033525702,0.806930422782898,46604.0,0.7827868852459017,0.8643592824322831,False,,,,487278.5759638925,543935.6151577929,1.190257199250561,0,338.0,29.6,0.951,True,True,,1,2150.0,1.0
20260919_164631,2026-09-19 16:46:31.067+00,1,,2150.0,True,group_total,,,10,Arbor Acres Plus,male,7496.4380566705395,105.12082588337735,87.0487086475252,23.751812226418565,991.178767657731,0.9601858258247375,46806.0,0.6468401486988847,0.7281336212842805,False,,,,178053.98908901674,217344.0964636668,1.2076092513793533,0,338.0,29.6,0.951,True,True,,2,1075.0,0.5
20260919_164631,2026-09-19 16:46:31.067+00,4,,2150.0,True,group_total,,,10,Arbor Acres Plus,male,7443.757152049183,109.96010412646547,73.93062319992147,26.040321438557953,988.8902584455916,0.8028836846351624,43344.0,0.6825396825396826,0.7843838588211888,False,,,,193837.82894992543,211692.68452488043,1.4873417721518987,0,338.0,29.6,0.951,True,True,,2,1075.0,0.5
20260919_164558,2026-09-19 16:45:58.447+00,1,,2150.0,True,group_total,,,10,Arbor Acres Plus,male,6943.321342143922,118.4372715902079,67.41813921288757,52.21973387492983,962.7108460092197,0.9471001625061035,42282.0,0.6206896551724138,0.791373769154663,False,,,,362578.39269487624,416965.1996724745,1.756756756756757,0,338.0,29.6,0.951,True,True,,2,1075.0,0.5
20260919_164558,2026-09-19 16:45:58.447+00,3,,2150.0,True,group_total,,,10,Arbor Acres Plus,male,7309.4971306150965,107.14574486497568,80.53615502377838,70.15258296725847,944.7779969168911,0.8160392045974731,45448.0,0.7449392712550608,0.804775636058902,False,,,,512780.10390441323,605354.0969477505,1.3304055158002117,0,338.0,29.6,0.951,True,True,,2,1075.0,0.5
20260919_164308,2026-09-19 16:43:08.805+00,0,,1800.0,True,group_total,,,10,Arbor Acres Plus,male,6934.169809489894,116.23804883279807,69.86015441555826,34.09235407730068,980.8382258068489,0.9226411581039429,41216.0,0.62890625,0.7810799725677656,False,,,,236402.17237725807,276843.8261662424,1.6638676196070816,0,338.0,29.6,0.951,True,True,,2,900.0,0.5
20260919_164308,2026-09-19 16:43:08.805+00,2,,1800.0,True,group_total,,,10,Arbor Acres Plus,male,7503.613736887622,98.89614809733477,78.12344119104529,60.5621155561189,954.3684643280307,0.8882993459701538,38280.0,0.7909090909090909,0.9612315503781118,False,,,,454434.7222218693,467909.4097575343,1.2658959537572252,0,338.0,29.6,0.951,True,True,,2,900.0,0.5
20260919_163716,2026-09-19 16:37:16.071+00,0,,1050.0,True,group_total,,,10,Arbor Acres Plus,male,6778.58879575707,119.14084526461244,71.11729141346814,55.574127066599544,959.35645281755,0.9346669912338257,44156.0,0.6240601503759399,0.7449912976523178,False,,,,376714.1550676314,470878.1454858388,1.6752725377565438,0,338.0,29.6,0.951,True,True,,2,525.0,0.5
20260919_163716,2026-09-19 16:37:16.071+00,1,,1050.0,True,group_total,,,10,Arbor Acres Plus,male,6944.67257587392,89.37319613006484,71.36239249738907,43.485462086539656,971.4451177976099,0.8742706775665283,45762.0,0.6615969581749049,0.7182437821204812,False,,,,301992.2960015971,277345.2807509641,1.2523850869116353,0,338.0,29.6,0.951,True,True,,2,525.0,0.5
20260919_163650,2026-09-19 16:36:50.626+00,0,,1050.0,True,group_total,,,10,Arbor Acres Plus,male,7087.120838044731,120.62453340644832,70.0987854512945,52.940505658814914,961.9900742253346,0.9393498301506042,45752.0,0.6466165413533834,0.7476187919607361,False,,,,375195.76083121216,447645.50190158194,1.7207792207792205,0,338.0,29.6,0.951,True,True,,2,525.0,0.5
20260919_163650,2026-09-19 16:36:50.626+00,2,,1050.0,True,group_total,,,10,Arbor Acres Plus,male,7147.793524059826,86.48933678387917,73.87630850289679,62.91916288713401,952.0114169970155,0.8437989354133606,46814.0,0.6768060836501901,0.7524429398212081,False,,,,449733.18502392183,402022.8045891835,1.170731707317073,0,338.0,29.6,0.951,True,True,,2,525.0,0.5
20260919_163627,2026-09-19 16:36:27.802+00,1,,1050.0,True,group_total,,,10,Arbor Acres Plus,male,7298.547110691785,90.83039834294064,71.59037991487057,33.34305061984708,981.5875292643025,0.8107981085777283,46640.0,0.6641509433962264,0.7254065063764464,False,,,,243355.8257631348,216815.94496575833,1.2687514502779387,0,338.0,29.6,0.951,True,True,,2,525.0,0.5
20260919_163627,2026-09-19 16:36:27.802+00,2,,1050.0,True,group_total,,,10,Arbor Acres Plus,male,7170.679396695625,119.65109611144572,73.85306767170606,48.84180108191504,966.0887788022345,0.809910237789154,47436.0,0.6604477611940298,0.7234021690324262,False,,,,350228.8967155942,431595.4837691575,1.620123576224653,0,338.0,29.6,0.951,True,True,,2,525.0,0.5
20260919_163420,2026-09-19 16:34:20.88+00,0,,1050.0,True,group_total,,,10,Arbor Acres Plus,male,7092.4233777809495,121.59559883261345,67.14980831054773,56.05141883417048,958.8791610499791,0.9288480877876282,46341.0,0.6309963099630996,0.7434694501677169,False,,,,397540.3932972621,457666.625579459,1.8108108108108107,0,338.0,29.6,0.951,True,True,,2,525.0,0.5
20260919_163420,2026-09-19 16:34:20.88+00,1,,1050.0,True,group_total,,,10,Arbor Acres Plus,male,7621.958135449806,90.67449001963496,74.53348132504026,11.626512361787263,1003.3040675223623,0.8808387517929077,42164.0,0.6535433070866141,0.8020865716582265,False,,,,88616.79048283216,78575.28884683042,1.21656050955414,0,338.0,29.6,0.951,True,True,,2,525.0,0.5
20260919_162749,2026-09-19 16:27:49.214+00,1,,1000.0,True,group_total,,,10,Arbor Acres Plus,male,7589.059445751145,117.59935612135594,70.46809666415882,47.872319116232916,967.0582607679166,0.9401403069496155,43344.0,0.6511627906976745,0.8362099403558776,False,,,,363305.8755790605,396718.04230990156,1.6688311688311686,0,338.0,29.6,0.951,True,True,,3,333.3333333333333,0.3333333333333333
20260919_162749,2026-09-19 16:27:49.214+00,2,,1000.0,True,group_total,,,10,Arbor Acres Plus,male,7045.424366380616,119.33545759037156,77.74885873312087,59.61602538082468,955.3145545033249,0.8690269589424133,45845.0,1.5317919075144508,0.7521146155428192,False,,,,420020.1978448275,553129.1464075511,1.5348837209302324,0,338.0,29.6,0.951,True,True,,3,333.3333333333333,0.3333333333333333
20260919_162749,2026-09-19 16:27:49.214+00,3,,1000.0,True,group_total,,,10,Arbor Acres Plus,male,7302.2505893503385,92.07873721329791,73.34878388429345,34.09235407730068,980.8382258068489,0.9011298418045044,44704.0,0.6929133858267716,0.7583631448602369,False,,,,248950.91265330932,230255.1022928631,1.2553546539851386,0,338.0,29.6,0.951,True,True,,3,333.3333333333333,0.3333333333333333
20260919_162202,2026-09-19 16:22:02.101+00,1,,1000.0,True,group_total,,,10,Arbor Acres Plus,male,7112.983192107976,87.27781396444087,76.88338011529028,55.81283232980377,959.1177475543458,0.9041220545768738,48146.0,0.6804511278195489,0.7173140765137712,False,,,,396995.73826583487,374516.0124143291,1.1351974098116346,0,338.0,29.6,0.951,True,True,,3,333.3333333333333,0.3333333333333333
20260919_162202,2026-09-19 16:22:02.101+00,2,,1000.0,True,group_total,,,10,Arbor Acres Plus,male,6560.126396992928,108.08535404010298,79.43846547887554,52.21973387492983,962.7108460092197,0.8111458420753479,44022.0,1.4540229885057472,0.7181453379880217,False,,,,342568.05463687296,448365.66725647234,1.3606173456213764,0,338.0,29.6,0.951,True,True,,3,333.3333333333333,0.3333333333333333
20260919_162202,2026-09-19 16:22:02.101+00,3,,1000.0,True,group_total,,,10,Arbor Acres Plus,male,7991.341741286923,116.19007040466167,78.23584474563027,27.81298003244251,987.117599851707,0.8589255809783936,45760.0,0.676923076923077,0.8004929916008369,False,,,,222263.02828283756,252826.3384530931,1.4851257857882496,0,338.0,29.6,0.951,True,True,,3,333.3333333333333,0.3333333333333333
20260919_162015,2026-09-19 16:20:15.683+00,0,,1350.0,True,group_total,,,10,Arbor Acres Plus,male,7025.8172128006145,106.56059758742082,75.57036365595775,70.15258296725847,944.7779969168911,0.9301354289054871,45750.0,0.732,0.7684362512807377,False,,,,492879.2249337878,564926.3414205253,1.4100844885774197,0,338.0,29.6,0.951,True,True,,3,450.0,0.3333333333333333
20260919_162015,2026-09-19 16:20:15.683+00,1,,1350.0,True,group_total,,,10,Arbor Acres Plus,male,7083.655692533903,114.40891222134326,75.1755655749729,70.15258296725847,944.7779969168911,0.9503951668739319,48780.0,0.6642066420664207,0.7266373947537693,False,,,,496936.7436819773,603365.1564841865,1.5218896106241169,0,338.0,29.6,0.951,True,True,,3,450.0,0.3333333333333333
20260919_162015,2026-09-19 16:20:15.683+00,3,,1350.0,True,group_total,,,10,Arbor Acres Plus,male,6628.81185048435,99.34679861862828,77.61561921362619,55.93214042130194,958.9984394628476,0.8550580739974976,39294.0,1.2542372881355932,0.8192855359070318,False,,,,370763.635247681,431285.0883994989,1.2799846168229367,0,338.0,29.6,0.951,True,True,,3,450.0,0.3333333333333333
20260919_161931,2026-09-19 16:19:31.011+00,0,,1050.0,True,group_total,,,10,Arbor Acres Plus,male,6984.761458863128,117.87490998492308,67.66698377374185,59.14227653157934,955.7883033525702,0.8527064323425293,43254.0,0.6067415730337079,0.789520692818703,False,,,,413094.69370720064,471732.9693639448,1.7419855801325728,0,338.0,29.6,0.951,True,True,,2,525.0,0.5
20260919_161931,2026-09-19 16:19:31.011+00,1,,1050.0,True,group_total,,,10,Arbor Acres Plus,male,6742.142129849655,112.43406915024549,67.62539078460843,70.15258296725847,944.7779969168911,0.9190570712089539,42672.0,0.6614173228346457,0.7906003486453079,False,,,,472978.6851413266,533397.9994725363,1.6626013963949697,0,338.0,29.6,0.951,True,True,,2,525.0,0.5
20260919_161642,2026-09-19 16:16:42.487+00,0,,1050.0,True,group_total,,,10,Arbor Acres Plus,male,7264.8306993759825,120.58111706661029,68.82507511202316,67.13263854632908,947.7979413378205,0.9439917206764221,44589.0,0.6254681647940075,0.8100799445564411,False,,,,487707.2534414829,557134.0653112687,1.7519939770548218,0,338.0,29.6,0.951,True,True,,2,525.0,0.5
20260919_161642,2026-09-19 16:16:42.487+00,2,,1050.0,True,group_total,,,10,Arbor Acres Plus,male,7515.313931012182,91.24254965192335,75.19486503977603,45.92750612323562,969.0030737609139,0.8688307404518127,48503.0,0.5888501742160279,0.7370379548823615,False,,,,345159.62658459996,315107.29711906484,1.2134146341463414,0,338.0,29.6,0.951,True,True,,2,525.0,0.5
20260919_161612,2026-09-19 16:16:12.36+00,1,,1050.0,True,group_total,,,10,Arbor Acres Plus,male,7666.080387852485,123.52287653867097,72.76004863057396,37.57403134943456,977.356548534715,0.8875517249107361,45236.0,0.6539923954372624,0.7924005280903769,False,,,,288045.5448204547,337697.75290911924,1.6976744637134058,0,338.0,29.6,0.951,True,True,,1,1050.0,1.0
20260919_161342,2026-09-19 16:13:42.087+00,0,,1050.0,True,group_total,,,10,Arbor Acres Plus,male,7477.957931955589,119.12153615855124,69.18212292285091,46.657726977614516,968.272852906535,0.9434308409690857,42804.0,0.6283524904214559,0.8322710486931529,False,,,,348904.5195392707,384510.09597362985,1.7218543046357617,0,338.0,29.6,0.951,True,True,,2,525.0,0.5
20260919_161342,2026-09-19 16:13:42.087+00,2,,1050.0,True,group_total,,,10,Arbor Acres Plus,male,7071.657755550228,84.81629166780408,78.66064298678016,31.339299603232007,983.5912802809175,0.8396013379096985,41087.0,0.7973568281938326,0.7946009851208212,False,,,,221620.8010927078,209086.53172174777,1.078255763585081,0,338.0,29.6,0.951,True,True,,2,525.0,0.5
20260919_161318,2026-09-19 16:13:18.147+00,0,,1050.0,True,group_total,,,10,Arbor Acres Plus,male,7254.641619360966,116.22329795077427,69.00758315827223,55.45472987272058,959.475850011429,0.9390013217926025,41891.0,0.6342412451361867,0.8402117996705736,False,,,,402304.1913250585,444762.9543545599,1.6842105263157894,0,338.0,29.6,0.951,True,True,,2,525.0,0.5
20260919_161318,2026-09-19 16:13:18.147+00,1,,1050.0,True,group_total,,,10,Arbor Acres Plus,male,6353.806243921013,79.62039155344962,76.05630834022404,70.15258296725847,944.7779969168911,0.8292485475540161,38628.0,0.7837837837837838,0.8230644438199354,False,,,,445735.9196845538,424818.299970519,1.0468611123916547,0,338.0,29.6,0.951,True,True,,2,525.0,0.5
20260919_161259,2026-09-19 16:12:59.711+00,0,,1050.0,True,group_total,,,10,Arbor Acres Plus,male,7066.505982413182,116.34496966175658,68.82595649166684,59.14227653157934,955.7883033525702,0.9352836012840271,42570.0,0.6395348837209303,0.8115948731501057,False,,,,417929.25092394016,473584.9623618365,1.6904228519634614,0,338.0,29.6,0.951,True,True,,1,1050.0,1.0
20260919_161212,2026-09-19 16:12:12.927+00,0,,700.0,True,group_total,,,10,Arbor Acres Plus,male,7106.560234368352,113.54170707726604,72.2125257011412,55.09635990882191,959.8342199753276,0.9367176294326782,40160.0,0.6374501992031872,0.8578965388446215,False,,,,391545.6003864805,451742.4069765108,1.572327044025157,0,338.0,29.6,0.951,True,True,,2,350.0,0.5
20260919_161212,2026-09-19 16:12:12.927+00,1,,700.0,True,group_total,,,10,Arbor Acres Plus,male,7473.677217590682,113.26016147777275,71.18673258608631,10.319105445547507,1004.611474438602,0.8708353638648987,39746.0,0.7016806722689075,0.8321589288177437,False,,,,77121.66327430434,83199.03448927944,1.5910290775153493,0,338.0,29.6,0.951,True,True,,2,350.0,0.5
20260919_161023,2026-09-19 16:10:23.198+00,0,,700.0,True,group_total,,,10,Arbor Acres Plus,male,7742.6729635469665,116.18628432312615,75.02418583639277,36.08491522673057,978.845664657419,0.9321997165679932,46003.0,0.6964980544747081,0.7845813044801426,False,,,,279393.69751789107,314544.31738894695,1.5486510520286971,0,338.0,29.6,0.951,True,True,,2,350.0,0.5
20260919_161023,2026-09-19 16:10:23.198+00,1,,700.0,True,group_total,,,10,Arbor Acres Plus,male,7939.86684534792,86.31593878178167,79.15496315130923,32.842878630413,982.0877012537366,0.8272095322608948,49383.0,0.6344086021505376,0.7445550984277824,False,,,,260768.08314340186,224393.54764481203,1.0904678032226964,0,338.0,29.6,0.951,True,True,,2,350.0,0.5
20260919_160815,2026-09-19 16:08:15.223+00,0,,700.0,True,group_total,,,10,Arbor Acres Plus,male,6578.933301959513,113.71012129075294,69.37805562353593,56.05141883417048,958.8791610499791,0.9158591032028198,44204.0,0.669260700389105,0.7229825072391639,False,,,,368758.54599020485,442188.9212331465,1.638992621928968,0,338.0,29.6,0.951,True,True,,2,350.0,0.5
20260919_160815,2026-09-19 16:08:15.223+00,1,,700.0,True,group_total,,,10,Arbor Acres Plus,male,6982.2305954915155,88.95002327875945,71.068317568081,45.92750612323562,969.0030737609139,0.8151757717132568,38220.0,0.636734693877551,0.8689901079450335,False,,,,320676.43842827965,290332.0389867103,1.2516129032258065,0,338.0,29.6,0.951,True,True,,2,350.0,0.5
20260919_160702,2026-09-19 16:07:02.18+00,0,,700.0,True,group_total,,,10,Arbor Acres Plus,male,6684.3051229887,119.05582690426661,71.51109967847462,70.15258296725847,944.7779969168911,0.9312198162078857,47850.0,0.6327272727272727,0.6989987842715273,False,,,,468921.26971893554,597265.9802200494,1.664858007212317,0,338.0,29.6,0.951,True,True,,2,350.0,0.5
20260919_160702,2026-09-19 16:07:02.18+00,1,,700.0,True,group_total,,,10,Arbor Acres Plus,male,7966.647470542526,85.10210372347333,84.18740626424349,6.9038467719854,1008.0267331121642,0.866439938545227,46375.0,0.660377358490566,0.7551082487286261,False,,,,55000.51342305067,49462.78541827878,1.0108650153249623,0,338.0,29.6,0.951,True,True,,2,350.0,0.5
20260919_160630,2026-09-19 16:06:30.898+00,0,,700.0,True,group_total,,,10,Arbor Acres Plus,male,6890.143916195111,118.46530929273676,73.66727539659854,61.977742450054166,952.9528374340954,0.9509825110435486,47425.0,0.6457564575645757,0.714561767578125,False,,,,427035.5650817482,540880.7849988334,1.608113082165201,0,338.0,29.6,0.951,True,True,,2,350.0,0.5
20260919_160630,2026-09-19 16:06:30.898+00,3,,700.0,True,group_total,,,10,Arbor Acres Plus,male,7635.808253161197,85.46486119485907,82.03980854745258,43.9748550929869,970.9557247911627,0.8242930173873901,49140.0,0.6593406593406593,0.7361776792086088,False,,,,335783.5614505971,308330.6133584846,1.0417486669953089,0,338.0,29.6,0.951,True,True,,2,350.0,0.5
20260919_155447,2026-09-19 15:54:47.514+00,0,,700.0,True,group_total,,,10,Arbor Acres Plus,male,7374.163558864571,109.15169419975611,69.25170514354274,45.68385435714026,969.2467255270093,0.9477771520614624,40630.0,0.7112970711297071,0.8628968742308639,False,,,,336880.2140289002,345321.5571177745,1.576158940397351,0,338.0,29.6,0.951,True,True,,2,350.0,0.5
20260919_155447,2026-09-19 15:54:47.514+00,1,,700.0,True,group_total,,,10,Arbor Acres Plus,male,8322.099210762448,129.54839142118777,74.8661597924784,17.854990794414448,997.0755890897351,0.8882268667221069,48372.0,0.6258992805755396,0.7729373861855592,False,,,,148591.00479836724,173171.8163978183,1.7303998466100454,0,338.0,29.6,0.951,True,True,,2,350.0,0.5
20260919_155137,2026-09-19 15:51:37.952+00,0,,1100.0,True,group_total,,,10,Arbor Acres Plus,male,7629.98001704939,112.48448130246565,80.96998489328037,61.27045434706008,953.6601255370895,0.9604578614234924,54528.0,0.676056338028169,0.6871921982563717,False,,,,467492.34230360534,558043.1340146018,1.3892120821156364,0,338.0,29.6,0.951,True,True,,2,550.0,0.5
20260919_155137,2026-09-19 15:51:37.952+00,2,,1100.0,True,group_total,,,10,Arbor Acres Plus,male,8271.388564758332,143.65333703548083,75.53385140897862,35.587534299567324,979.3430455845822,0.8737630248069763,53492.0,0.5530546623794212,0.7200813068106636,False,,,,294358.32425338606,386149.29593118315,1.9018404907975464,0,338.0,29.6,0.951,True,True,,2,550.0,0.5
20260919_153655,2026-09-19 15:36:55.129+00,0,,1100.0,True,group_total,,,10,Arbor Acres Plus,male,7892.703942327001,125.41192215800875,63.485761194968354,46.41444234120593,968.5161375429436,0.916012704372406,52060.0,0.6934306569343066,0.7218875687167225,False,,,,366335.4520473453,369545.81829076033,1.9754338578828985,0,338.0,29.6,0.951,True,True,,2,550.0,0.5
20260919_153655,2026-09-19 15:36:55.129+00,2,,1100.0,True,group_total,,,10,Arbor Acres Plus,male,7609.508394019522,121.85300558507242,70.57619507969754,60.0893048232341,954.8412750609155,0.804887056350708,48238.0,0.6568265682656826,0.7727990440875718,False,,,,457250.06944319763,516763.3040619518,1.7265454087950052,0,338.0,29.6,0.951,True,True,,2,550.0,0.5
20260919_153452,2026-09-19 15:34:52.804+00,3,,1100.0,True,group_total,,,10,Arbor Acres Plus,male,7966.615895371411,132.78838034287295,71.82570507571185,48.59961286963062,966.3309670145189,0.8186807036399841,50799.0,0.6167247386759582,0.7501162228972619,False,,,,387174.4483960963,463524.5932358647,1.8487584661076424,0,338.0,29.6,0.951,True,True,,2,550.0,0.5
20260919_153452,2026-09-19 15:34:52.804+00,4,,1100.0,True,group_total,,,10,Arbor Acres Plus,male,8796.17343389609,144.84349594318275,69.18576742084608,18.628117381974334,996.3024625021752,0.9536558985710144,60800.0,0.6578947368421053,0.6509826801952563,False,,,,163856.15123882063,186674.38399642846,2.0935446890705522,0,338.0,29.6,0.951,True,True,,2,550.0,0.5
20260919_153431,2026-09-19 15:34:31.126+00,0,,1100.0,True,group_total,,,10,Arbor Acres Plus,male,8276.738110491373,127.06520534109181,74.94536280683815,47.143929765918074,967.7866501182315,0.9626184701919556,57873.0,0.6303630363036303,0.6820019255356287,False,,,,390197.9601719027,448949.1876416067,1.695437857424024,0,338.0,29.6,0.951,True,True,,2,550.0,0.5
20260919_153431,2026-09-19 15:34:31.126+00,1,,1100.0,True,group_total,,,10,Arbor Acres Plus,male,8073.859076300843,128.39059033507075,74.80116786112961,42.995575491583736,971.9350043925658,0.8280704021453857,48372.0,0.6258992805755396,0.7891768018059623,False,,,,347140.2174235014,412919.45033212076,1.7164249437045067,0,338.0,29.6,0.951,True,True,,2,550.0,0.5
20260919_153400,2026-09-19 15:34:00.172+00,2,,1100.0,True,group_total,,,10,Arbor Acres Plus,male,8333.708965375177,128.9688943426116,89.66148857830999,39.55248590112433,975.3780939830252,0.9284306764602661,60390.0,0.6491803278688525,0.6478715990410476,False,,,,329618.9063570751,457366.8733357796,1.4383978716789951,0,338.0,29.6,0.951,True,True,,1,1100.0,1.0
20260919_144225,2026-09-19 14:42:25.808+00,2,,1500.0,True,group_total,,,10,Arbor Acres Plus,male,8196.490405938326,118.93153250451238,80.87344210306841,9.533024479633127,1005.3975554045164,0.8265067338943481,44427.0,0.7051792828685259,0.8152051868087106,False,,,,78137.34368688813,91692.46561264628,1.4705882352941178,0,338.0,29.6,0.951,True,True,,1,1500.0,1.0
20260919_143738,2026-09-19 14:37:38.431+00,1,,1100.0,True,group_total,,,10,Arbor Acres Plus,male,7377.402454742181,107.66276979970982,83.23508253422945,58.905225861104896,956.0253540230447,0.8779223561286926,44215.0,0.7740585774058577,0.8153736332349077,False,,,,434567.5578648579,527868.5509365798,1.2934782608695652,0,338.0,29.6,0.951,True,True,,1,1100.0,1.0
20260919_141605,2026-09-19 14:16:05.449+00,1,,700.0,True,group_total,,,10,Arbor Acres Plus,male,7892.759040294899,139.44867906369058,84.23680219501237,62.68398220111703,952.2465976830325,0.8309803605079651,59492.0,0.7697841726618705,0.6534811322677675,False,,,,494749.567199551,736330.6103731254,1.6554365245354397,0,338.0,29.6,0.951,True,True,,1,700.0,1.0
20260919_141359,2026-09-19 14:13:59.12+00,1,,1050.0,True,group_total,,,10,Arbor Acres Plus,male,7725.370478030788,124.72489733198216,77.78541984145124,70.15258296725847,944.7779969168911,0.8138147592544556,54168.0,0.6182432432432432,0.7136390577864742,False,,,,541954.6934128641,680604.8214072809,1.603448275862069,0,338.0,29.6,0.951,True,True,,1,1050.0,1.0
20260919_141005,2026-09-19 14:10:05.579+00,0,,1050.0,True,group_total,,,10,Arbor Acres Plus,male,7854.498557205235,140.23740931358014,82.35585646182248,52.460111114882125,962.4704687692674,0.8148773312568665,59125.0,0.7818181818181819,0.6405221038882879,False,,,,412047.86706266797,605881.335909393,1.7028225476422516,0,338.0,29.6,0.951,True,True,,1,1050.0,1.0
20260919_120533,2026-09-19 12:05:33.496+00,1,,1100.0,True,group_total,,,10,Arbor Acres Plus,male,7637.689708349766,106.66544910604674,93.55825408877828,59.734389221055494,955.1961906630941,0.9372537136077881,49712.0,1.1490384615384615,0.7521028737374199,False,,,,456232.7297882147,596115.346374421,1.1400966183574879,0,338.0,29.6,0.951,True,True,,1,1100.0,1.0
20260919_120457,2026-09-19 12:04:57.68+00,1,,1450.0,True,group_total,,,10,Arbor Acres Plus,male,8383.111812221712,104.052013189616,97.86972436734459,43.485462086539656,971.4451177976099,0.8223693370819092,63109.0,1.2690582959641257,0.6286936259469564,False,,,,364543.49087759,442836.02305682766,1.0631685525042125,0,338.0,29.6,0.951,True,True,,1,1450.0,1.0
20260919_100257,2026-09-19 10:02:57.951+00,0,,1750.0,True,group_total,,,10,Arbor Acres Plus,male,9662.8116844765,129.43643557076658,90.88174972596322,66.43298455419983,948.4975953299497,0.9446901082992554,67798.0,0.7009646302250804,0.7075804120696235,False,,,,641929.419384969,781478.4177589961,1.4242291324832295,0,338.0,29.6,0.951,True,True,,4,437.5,0.25
20260919_100257,2026-09-19 10:02:57.951+00,3,,1750.0,True,group_total,,,10,Arbor Acres Plus,male,8659.451778697132,132.56507424434596,57.31138139220268,38.56426088189119,976.3663190022584,0.941727876663208,52638.0,0.657243816254417,0.7707740355826125,False,,,,333945.35748783284,292991.4911269703,2.3130671609039544,0,338.0,29.6,0.951,True,True,,4,437.5,0.25
20260919_100257,2026-09-19 10:02:57.951+00,4,,1750.0,True,group_total,,,10,Arbor Acres Plus,male,8156.6089255413635,118.0977067776603,89.10583422045167,58.19336781641164,956.7372120677379,0.8539623618125916,57117.0,1.0168776371308017,0.6968199187288315,False,,,,474660.5433386547,612380.1387301737,1.3253644703609586,0,338.0,29.6,0.951,True,True,,4,437.5,0.25
20260919_100257,2026-09-19 10:02:57.951+00,5,,1750.0,True,group_total,,,10,Arbor Acres Plus,male,7451.5508050965855,107.3726173464337,87.76544374404145,28.318287224585674,986.6122926595639,0.8913930654525757,45507.0,0.8528138528138528,0.7513409391437526,False,,,,211015.15596731773,266860.36461703165,1.223404255319149,0,338.0,29.6,0.951,True,True,,4,437.5,0.25
20260919_100229,2026-09-19 10:02:29.355+00,0,,1500.0,True,group_total,,,10,Arbor Acres Plus,male,9790.980235325409,141.26547511435973,96.11416819489665,70.15258296725847,944.7779969168911,0.9413610100746155,68789.0,0.6845425867507886,0.7122119792155263,False,,,,686862.5532894536,952504.667045908,1.4697674418604652,0,338.0,29.6,0.951,True,True,,3,500.0,0.3333333333333333
20260919_100229,2026-09-19 10:02:29.355+00,1,,1500.0,True,group_total,,,10,Arbor Acres Plus,male,8810.547127226826,131.8143720570669,62.242941458733966,40.29234286242615,974.6382370217234,0.9362297058105469,53487.0,0.6678445229681979,0.7745142001753749,False,,,,354997.585655787,330579.10091343394,2.117740083740381,0,338.0,29.6,0.951,True,True,,3,500.0,0.3333333333333333
20260919_100229,2026-09-19 10:02:29.355+00,3,,1500.0,True,group_total,,,10,Arbor Acres Plus,male,8475.900154564744,120.74394235353799,90.19475979693955,42.50519456101233,972.4253853231372,0.8181674480438232,54747.0,1.025974025974026,0.7312646301761184,False,,,,360269.78514948895,462901.5835097234,1.3387024104878764,0,338.0,29.6,0.951,True,True,,3,500.0,0.3333333333333333
20260919_100032,2026-09-19 10:00:32.398+00,2,,1500.0,True,group_total,,,10,Arbor Acres Plus,male,8281.038075291723,121.31987224030514,90.45935789269316,51.25702302892057,963.673556855229,0.8959580659866333,59532.0,1.0165289256198347,0.6690153173082564,False,,,,424461.3593285959,562521.1086576754,1.3411533650749552,0,338.0,29.6,0.951,True,True,,1,1500.0,1.0
20260919_095040,2026-09-19 09:50:40.106+00,0,,1550.0,True,group_total,,,10,Arbor Acres Plus,male,8305.977608556957,124.46274067758078,83.83856980032887,59.02376589260189,955.9068139915477,0.917407214641571,54096.0,0.6258503401360545,0.7505093805538201,False,,,,490250.0778766591,615899.9039557741,1.4845522886900744,0,338.0,29.6,0.951,True,True,,2,775.0,0.5
20260919_095040,2026-09-19 09:50:40.106+00,6,,1550.0,True,group_total,,,10,Arbor Acres Plus,male,8619.15282468188,108.0680884624852,98.0364515587946,51.25702302892057,963.673556855229,0.8371438384056091,51408.0,0.907563025210084,0.8063723464417302,False,,,,441792.1148245049,543048.2671456166,1.1023255813953488,0,338.0,29.6,0.951,True,True,,2,775.0,0.5
20260919_094359,2026-09-19 09:43:59.882+00,5,,1450.0,True,group_total,,,10,Arbor Acres Plus,male,9413.590062194116,112.05055182527519,98.16394497513426,2.9341956833314953,1011.996384200818,0.8788520693778992,48410.0,0.8765957446808511,0.8480547964265095,False,,,,27621.315325142237,32274.169598382185,1.1414634146341462,0,338.0,29.6,0.951,True,True,,3,483.3333333333333,0.3333333333333333
20260919_094359,2026-09-19 09:43:59.882+00,6,,1450.0,True,group_total,,,10,Arbor Acres Plus,male,9562.638778645362,141.67300023043146,91.07331159169544,27.56013228657889,987.3704475975707,0.8168549537658691,65486.0,0.8722627737226277,0.6690070205845524,False,,,,263547.58974823536,355598.1701905367,1.555592936661699,0,338.0,29.6,0.951,True,True,,3,483.3333333333333,0.3333333333333333
20260919_094359,2026-09-19 09:43:59.882+00,8,,1450.0,True,group_total,,,10,Arbor Acres Plus,male,9422.383583836137,113.5019965471815,97.69792107858662,2.8013354517179323,1012.1292444324316,0.816735029220581,49266.0,0.8697478991596639,0.833879251309368,False,,,,26395.257173085236,31063.754185308768,1.1617647058823528,0,338.0,29.6,0.951,True,True,,3,483.3333333333333,0.3333333333333333
20260919_094330,2026-09-19 09:43:30.868+00,3,,1450.0,True,group_total,,,10,Arbor Acres Plus,male,7517.056044044299,124.4268322548871,80.31976058376334,67.83126110751175,947.0993187766378,0.8914223313331604,52704.0,0.8852459016393442,0.7101904030054644,False,,,,509891.39128336817,677901.1043801648,1.5491434654505185,0,338.0,29.6,0.951,True,True,,2,725.0,0.5
20260919_094330,2026-09-19 09:43:30.868+00,6,,1450.0,True,group_total,,,10,Arbor Acres Plus,male,8631.61890974521,108.02342493102334,92.78935218434056,39.30561723648668,975.6249626476629,0.9006283283233643,47470.0,0.8595744680851064,0.8532353801578628,False,,,,339271.1089976657,393976.8522101578,1.164179104477612,0,338.0,29.6,0.951,True,True,,2,725.0,0.5
20260919_082539,2026-09-19 08:25:39.383+00,8,,1050.0,True,group_total,,,10,Arbor Acres Plus,male,9111.597578334133,124.89215638380749,91.03931440259963,39.55248590112433,975.3780939830252,0.8618162274360657,57800.0,1.445,0.740086247401254,False,,,,360386.33475377935,449715.5732617684,1.3718486041261444,0,338.0,29.6,0.951,True,True,,1,1050.0,1.0
20260919_082233,2026-09-19 08:22:33.223+00,6,,1050.0,True,group_total,,,10,Arbor Acres Plus,male,9046.331916753437,135.2946894508398,87.3861424831637,33.8427133988057,981.0878664853439,0.8016647100448608,58218.0,1.6827956989247312,0.7210428327748939,False,,,,306152.4183691552,400118.3735549406,1.5482396362433144,0,338.0,29.6,0.951,True,True,,1,1050.0,1.0
20260919_082049,2026-09-19 08:20:49.245+00,3,,1050.0,True,group_total,,,10,Arbor Acres Plus,male,9125.621287347903,117.3663182177684,92.25229623491772,24.00661396617636,990.9239659179732,0.9078781604766846,60562.0,1.3224299065420562,0.685398588202273,False,,,,219075.26744688247,259927.10802715755,1.2722319444374433,0,338.0,29.6,0.951,True,True,,1,1050.0,1.0
20260919_082017,2026-09-19 08:20:17.842+00,6,,700.0,True,group_total,,,10,Arbor Acres Plus,male,9149.792484974254,118.1570020672885,93.37529805793929,32.592601438452334,982.3379784456972,0.8034043312072754,58956.0,1.4166666666666667,0.7183283416263543,False,,,,298215.53970731224,359592.38838795095,1.26539892803311,0,338.0,29.6,0.951,True,True,,1,700.0,1.0
20260919_080003,2026-09-19 08:00:03.866+00,0,,1150.0,True,group_total,,,10,Arbor Acres Plus,male,7507.795439852661,135.0673423793168,72.26119352195886,70.15258296725847,944.7779969168911,0.8839613199234009,50635.0,1.2048780487804878,0.7419313342076623,False,,,,526691.2424954686,684698.1448261447,1.8691546014704603,0,338.0,29.6,0.951,True,True,,1,1150.0,1.0
20260919_064637,2026-09-19 06:46:37.458+00,0,,2800.0,True,group_total,,,10,Arbor Acres Plus,male,8449.359653096662,115.54521125283024,95.42975235021466,45.19618304869903,969.7343968354505,0.918680727481842,56840.0,0.725,0.706034240346824,False,,,,381878.8055256489,498353.4930329201,1.2107881285156699,0,338.0,29.6,0.951,True,True,,4,700.0,0.25
20260919_064637,2026-09-19 06:46:37.458+00,6,,2800.0,True,group_total,,,10,Arbor Acres Plus,male,8814.012098706233,131.03342494795334,90.21288938643568,15.528394916320735,999.4021849678288,0.8503864407539368,56889.0,1.5925925925925926,0.6928295305885042,False,,,,136867.46066593932,183559.66357295637,1.4524911666076776,0,338.0,29.6,0.951,True,True,,4,700.0,0.25
20260919_064637,2026-09-19 06:46:37.458+00,7,,2800.0,True,group_total,,,10,Arbor Acres Plus,male,7606.24694210079,111.95960844739479,86.47636729798931,1.8703361467208879,1013.0602437374287,0.8149753212928772,45843.0,1.463276836158192,0.7220852651347057,False,,,,14226.238596696328,18108.33314189521,1.2946844547897423,0,338.0,29.6,0.951,True,True,,4,700.0,0.25
20260919_064637,2026-09-19 06:46:37.458+00,8,,2800.0,True,group_total,,,10,Arbor Acres Plus,male,9443.78985719981,121.61492195601701,99.76758924458703,42.995575491583736,971.9350043925658,0.887812077999115,67100.0,1.3863636363636365,0.6654431890268795,False,,,,406041.17973188724,521675.1023604349,1.2189822654516564,0,338.0,29.6,0.951,True,True,,4,700.0,0.25
20260919_055349,2026-09-19 05:53:49.568+00,1,,400.0,True,group_total,,,10,Arbor Acres Plus,male,9050.116967607979,143.60895646823965,85.0430005290501,70.15258296725847,944.7779969168911,0.9489317536354065,71599.0,0.8939929328621908,0.6324836916260137,False,,,,634889.0814335124,856769.045362741,1.6886628596692543,0,338.0,29.6,0.951,True,True,,1,400.0,1.0
20260919_035154,2026-09-19 03:51:54.685+00,2,,950.0,True,group_total,,,10,Arbor Acres Plus,male,9174.051809933271,135.53078349793236,97.84920061003257,70.15258296725847,944.7779969168911,0.9593321084976196,71120.0,0.9071428571428571,0.6454632744075746,False,,,,643583.4307422715,930334.0086800801,1.3850985256187802,0,338.0,29.6,0.951,True,True,,1,950.0,1.0
20260919_035138,2026-09-19 03:51:38.093+00,2,,950.0,True,group_total,,,10,Arbor Acres Plus,male,7839.2151885762305,116.14780818215964,86.76654090823341,44.70802075479742,970.2225591293521,0.9491867423057556,48260.0,0.7480314960629921,0.7707333806239862,False,,,,350475.7953521893,450555.9677966695,1.338624393301568,0,338.0,29.6,0.951,True,True,,1,950.0,1.0
20260919_034308,2026-09-19 03:43:08.996+00,3,,650.0,True,group_total,,,10,Arbor Acres Plus,male,7868.586307818816,115.42641581949287,90.6602493174056,70.15258296725847,944.7779969168911,0.87514328956604,54843.0,0.5973597359735974,0.7179225681451626,False,,,,552001.6537942934,734117.8523533214,1.2731755834398801,0,338.0,29.6,0.951,True,True,,1,650.0,1.0
20260919_033358,2026-09-19 03:33:58.585+00,0,,400.0,True,group_total,,,10,Arbor Acres Plus,male,8587.415213344784,135.72412725810366,87.31111983585225,70.15258296725847,944.7779969168911,0.8484998345375061,60760.0,1.5816326530612246,0.707207394964684,False,,,,602429.3582284675,831323.9303509343,1.554488449046003,0,338.0,29.6,0.951,True,True,,1,400.0,1.0
20260919_032917,2026-09-19 03:29:17.06+00,0,,400.0,True,group_total,,,10,Arbor Acres Plus,male,9380.36287329978,133.3579871618989,86.61395042473848,46.41444234120593,968.5161375429436,0.9552066922187805,55480.0,0.6506849315068494,0.8050652869072593,False,,,,435384.3117223614,536117.5395226006,1.5396825396825395,0,338.0,29.6,0.951,True,True,,1,400.0,1.0
20260919_030115,2026-09-19 03:01:15.121+00,0,,300.0,True,group_total,,,10,Arbor Acres Plus,male,8493.383444108116,112.82750074363861,90.66959514060069,23.241815433180705,991.6887644509688,0.9379648566246033,51574.0,1.1261682242990654,0.747929678496918,False,,,,197401.6504111935,237764.3253423115,1.2443807714005761,0,338.0,29.6,0.951,True,True,,1,300.0,1.0
20260919_011711,2026-09-19 01:17:11.02+00,3,,350.0,True,group_total,,,10,Arbor Acres Plus,male,8367.088369367153,111.31361804897332,87.17331533955742,70.15258296725847,944.7779969168911,0.8242703676223755,49000.0,1.2755102040816326,0.8544376405988421,False,,,,586972.8610264126,680730.9995350908,1.276923076923077,0,338.0,29.6,0.951,True,True,,1,350.0,1.0
20260919_011015,2026-09-19 01:10:15.315+00,4,,750.0,True,group_total,,,10,Arbor Acres Plus,male,7889.487597039326,100.5320175482061,90.79106272617132,60.68024508506153,954.250334799088,0.9223887324333191,50490.0,1.2878787878787878,0.7664439883036622,False,,,,478736.04098389944,553853.397587611,1.1072897984619237,0,338.0,29.6,0.951,True,True,,1,750.0,1.0
20260919_010928,2026-09-19 01:09:28.842+00,1,,600.0,True,group_total,,,10,Arbor Acres Plus,male,8839.002667083074,105.79452773711327,89.4485921210786,55.335302955865814,959.5952769282837,0.908161997795105,46332.0,1.1818181818181819,0.9253534550680395,False,,,,489108.89041074784,523647.4652069551,1.182741116751269,0,338.0,29.6,0.951,True,True,,1,600.0,1.0
