session_id,captured_at,detection_index,record_id,group_total_weight_g,weight_stable,weight_label_type,camera_id,batch_id,age_days,breed,sex,area_mm2,length_mm,width_mm,height_mm,depth_mm,confidence,bbox_area_px,bbox_aspect_ratio,mask_fill_ratio,is_mask_clipped,centroid_x_norm,centroid_y_norm,quality_reasons,volume_proxy_area_height_mm3,volume_proxy_lwh_mm3,length_width_ratio,is_height_outlier,quality_pass,session_quality_pass,session_quality_reason,eligible_chicken_count,pseudo_weight_g,session_sample_weight
20260917_050359,2026-09-17 05:03:59.961+00,2,,1600.0,True,group_total,,,,,,6751.492036160808,104.34338771601757,78.63645393108436,53.66019898117804,961.2703809029715,0.9441144466400146,56386.0,1.03862660944206,0.5787606398134898,False,,,,362286.40608022787,440292.3427805495,1.3269086091733273,0,True,True,,4,400.0,0.25
20260917_050359,2026-09-17 05:03:59.961+00,3,,1600.0,True,group_total,,,,,,7017.028477573556,98.65630996037466,87.90911512563136,52.460111114882125,962.4704687692674,0.946003794670105,43674.0,0.6932270916334662,0.7746706109794389,False,,,,368114.0936298009,454975.4699037791,1.1222534753009905,0,True,True,,4,400.0,0.25
20260917_050359,2026-09-17 05:03:59.961+00,4,,1600.0,True,group_total,,,,,,6549.350249879904,92.45567778294219,91.25990556256858,70.15258296725847,944.7779969168911,0.9224866032600403,44289.0,0.6602316602316602,0.739953516331144,False,,,,459453.836786335,591912.1678641039,1.0131029307229973,0,True,True,,4,400.0,0.25
20260917_050359,2026-09-17 05:03:59.961+00,5,,1600.0,True,group_total,,,,,,7534.333881479659,112.36575450658587,84.34069638797934,10.842476883129507,1004.08810300102,0.8479505777359009,42525.0,1.3885714285714286,0.7849075995551216,False,,,,81690.8409397226,102754.21831631169,1.3322839307573089,0,True,True,,4,400.0,0.25
20260917_050424,2026-09-17 05:04:24.003+00,2,,1600.0,True,group_total,,,,,,7034.6832245480555,107.09778273583434,79.19423499231718,49.08386792701708,965.8467119571325,0.9374198317527771,42920.0,0.7974137931034483,0.7847477119211159,False,,,,345289.4623021194,416306.1497689284,1.3523431692499355,0,True,True,,5,320.0,0.2
20260917_050424,2026-09-17 05:04:24.003+00,3,,1600.0,True,group_total,,,,,,7626.267904676429,105.93544741074695,83.28728269490414,39.55248590112433,975.3780939830252,0.9486312866210938,44856.0,0.7063492063492064,0.7981916063287285,False,,,,301637.8537779114,348974.57152968616,1.2719282462222594,0,True,True,,5,320.0,0.2
20260917_050424,2026-09-17 05:04:24.003+00,4,,1600.0,True,group_total,,,,,,7599.9753176689255,114.84719519735178,81.10850814745659,22.731293546719485,992.1992863374301,0.910103440284729,42904.0,1.4335260115606936,0.8036708462800682,False,,,,172757.269893755,211743.92398669117,1.415969764707763,0,True,True,,5,320.0,0.2
20260917_050424,2026-09-17 05:04:24.003+00,6,,1600.0,True,group_total,,,,,,6871.284360870361,107.92775979572151,80.38134411564197,60.5621155561189,954.3684643280307,0.8210960626602173,42960.0,0.7458333333333333,0.7843377635465654,False,,,,416139.51748198335,525399.2691399431,1.3426966292134832,0,True,True,,5,320.0,0.2
20260917_050424,2026-09-17 05:04:24.003+00,7,,1600.0,True,group_total,,,,,,6734.841917156417,94.65986491399654,88.65704421213334,39.05862357505691,975.8719563090926,0.8240951299667358,41881.0,1.1243523316062176,0.7541996469550282,False,,,,263053.6552797271,327790.27383146045,1.0677083333333335,0,True,True,,5,320.0,0.2
20260917_052707,2026-09-17 05:27:07.114+00,2,,500.0,True,group_total,,,,,,6407.095066598209,96.28265786176487,80.60725303898253,62.68398220111703,952.2465976830325,0.9327760338783264,39312.0,1.1868131868131868,0.8027841820676103,False,,,,401622.2331155069,486495.4360310591,1.1944664311436286,0,True,True,,1,500.0,1.0
20260917_053755,2026-09-17 05:37:55.85+00,0,,2300.0,True,group_total,,,,,,7580.248997295093,97.46671087823559,90.5142972505911,63.85872510474769,951.0718547794019,0.9453431963920593,55414.0,0.7657992565055762,0.6754589318308392,False,,,,484065.0369438067,563370.0281796928,1.0768101155157461,0,True,True,,6,383.3333333333333,0.16666666666666666
20260917_053755,2026-09-17 05:37:55.85+00,1,,2300.0,True,group_total,,,,,,7103.464287695271,102.4937927222953,84.72820198376411,52.21973387492983,962.7108460092197,0.9281564354896545,42940.0,1.1894736842105262,0.7972197864463177,False,,,,370941.014693515,453482.16232570325,1.2096774193548387,0,True,True,,6,383.3333333333333,0.16666666666666666
20260917_053755,2026-09-17 05:37:55.85+00,2,,2300.0,True,group_total,,,,,,7493.098383293831,119.22068479291397,72.19738680686423,11.103958159952754,1003.8266217241968,0.9481464624404907,38556.0,0.6071428571428571,0.8614174836601307,False,,,,83203.05093650433,95576.45259128576,1.6513157894736843,0,True,True,,6,383.3333333333333,0.16666666666666666
20260917_053755,2026-09-17 05:37:55.85+00,6,,2300.0,True,group_total,,,,,,6854.137965084895,120.38415791669809,73.1390574143745,54.857297836598946,960.0732820475506,0.9018642902374268,43416.0,0.6044776119402985,0.7649902548824244,False,,,,375999.4877638023,483006.6493688666,1.6459626658114161,0,True,True,,6,383.3333333333333,0.16666666666666666
20260917_053755,2026-09-17 05:37:55.85+00,8,,2300.0,True,group_total,,,,,,7108.392857894482,105.76173055173577,84.79173225268471,51.49788120359074,963.4326986805588,0.8978525996208191,43571.0,1.2459893048128343,0.7850417738864126,False,,,,366067.1709443029,461818.5967117985,1.2473118279569892,0,True,True,,6,383.3333333333333,0.16666666666666666
20260917_053755,2026-09-17 05:37:55.85+00,9,,2300.0,True,group_total,,,,,,7859.616214778616,130.14579866334455,86.82117523337426,5.319729328645167,1009.6108505555044,0.8257203698158264,52164.0,0.6847826086956522,0.6602130005325096,False,,,,41811.03088965292,60109.80911257641,1.499009870731584,0,True,True,,6,383.3333333333333,0.16666666666666666
20260917_053810,2026-09-17 05:38:10.719+00,0,,2300.0,True,group_total,,,,,,7827.995293605663,101.52778817215678,90.16019924541791,63.38917592934433,951.5414039548052,0.9457197785377502,56430.0,0.774074074074074,0.6843003499640993,False,,,,496210.1708404488,580249.6587030243,1.1260821185165757,0,True,True,,4,575.0,0.25
20260917_053810,2026-09-17 05:38:10.719+00,1,,2300.0,True,group_total,,,,,,6993.527355018085,100.16611985712042,83.77530024413707,52.70036834622749,962.2302115379221,0.916372537612915,41327.0,1.1818181818181819,0.8163305652690499,False,,,,368561.4676488711,442232.33549014863,1.1956521739130437,0,True,True,,4,575.0,0.25
20260917_053810,2026-09-17 05:38:10.719+00,2,,2300.0,True,group_total,,,,,,6871.824615472016,114.02438000057526,68.41462800034516,51.01604439504831,963.9145354891012,0.939174473285675,37901.0,0.601593625498008,0.8715774319938788,False,,,,350573.3096579062,397972.8738677386,1.6666666666666665,0,True,True,,4,575.0,0.25
20260917_053810,2026-09-17 05:38:10.719+00,9,,2300.0,True,group_total,,,,,,6958.742393493445,102.64168933777684,83.56668254879615,55.09635990882191,959.8342199753276,0.8992401957511902,41995.0,1.227027027027027,0.803345476148923,False,,,,383401.37542469165,472584.9207400535,1.2282609074237503,0,True,True,,4,575.0,0.25
20260917_053843,2026-09-17 05:38:43.936+00,0,,2300.0,True,group_total,,,,,,8437.275547816653,112.99184832297061,93.19508303118184,66.66631729597839,948.2642625881712,0.9465320110321045,60651.0,0.7064846416382252,0.6909826406711062,False,,,,562482.0887843448,702015.3001142548,1.212422851591484,0,True,True,,5,460.0,0.2
20260917_053843,2026-09-17 05:38:43.936+00,1,,2300.0,True,group_total,,,,,,7230.041777989169,102.51939696729214,85.20500992392724,51.97923653643136,962.9513433477182,0.9105648994445801,42488.0,1.202127659574468,0.8196481608823741,False,,,,375812.05174637976,454047.27196573734,1.2032085561497328,0,True,True,,5,460.0,0.2
20260917_053843,2026-09-17 05:38:43.936+00,2,,2300.0,True,group_total,,,,,,6888.989192101716,112.97093597835214,68.7847231158515,52.21973387492983,962.7108460092197,0.9353126883506775,37848.0,0.6104417670682731,0.8771673866518707,False,,,,359741.18227881944,405782.55710329587,1.6423841059602649,0,True,True,,5,460.0,0.2
20260917_053843,2026-09-17 05:38:43.936+00,4,,2300.0,True,group_total,,,,,,6256.681632515688,107.55606735194004,75.9219298954871,59.85272373426949,955.0778561498801,0.8856732249259949,41067.0,0.6954732510288066,0.7459937067844876,False,,,,374479.43724423967,488749.2143330736,1.4166666666666665,0,True,True,,5,460.0,0.2
20260917_053843,2026-09-17 05:38:43.936+00,6,,2300.0,True,group_total,,,,,,7232.2946758492035,101.2283360281507,86.63686416823708,51.25702302892057,963.673556855229,0.8199805617332458,42816.0,1.1614583333333333,0.8124034778954202,False,,,,370705.89475194225,449529.5046256914,1.1684210526315788,0,True,True,,5,460.0,0.2
20260917_055017,2026-09-17 05:50:17.969+00,5,,1550.0,True,group_total,,,,,,12606.521254668394,153.42819379235064,116.88701483220336,62.91916288713401,952.0114169970155,0.8689881563186646,104400.0,1.2413793103448276,0.5950755208114098,False,,,,793191.7642625977,1128377.3908302402,1.3126196610684584,0,True,True,,1,1550.0,1.0
